cycle,time_s,normalized_error,vc1_v,vc2_v,il_a
0,0,0.983946311454543,7.5143,20.8211,0.0314
1,0.000286,0.762669612182887,7.40579814116816,20.7475708358773,0.266111912874395
2,0.000572,0.603259409713213,7.32384055129754,20.6909310704877,0.442494210421166
3,0.000858,0.491275665934909,7.26183335311358,20.6469827951848,0.575042508304818
4,0.001144,0.415255805119223,7.2148213277022,20.6125713372375,0.67465008769222
5,0.00143,0.365725581146997,7.17908068822675,20.585326003183,0.749503118617913
6,0.001716,0.334804710493734,7.15181305426454,20.5634652505687,0.80575340959683
7,0.002002,0.31623797389747,7.13091547719439,20.5456502768543,0.848023970882512
8,0.002288,0.305443192508181,7.11480761703596,20.5308749932306,0.879788939186842
9,0.002574,0.299330656205689,7.10230186791911,20.5183833412635,0.903659086546284
10,0.00286,0.295951960854891,7.09250575893312,20.5076071573456,0.921596376807593
11,0.003146,0.294135016851033,7.08474860953648,20.498119478577,0.935075202251274
12,0.003432,0.293196196746266,7.07852641197782,20.4895994526952,0.945203550978616
13,0.003718,0.29274465052426,7.0734604110968,20.4818059683089,0.952814062748546
14,0.004004,0.292559924919035,7.06926597754175,20.4745578383348,0.958532456345985
15,0.00429,0.292518969010901,7.06572921636635,20.4677189080887,0.962828951927758
16,0.004576,0.292553764097772,7.06268938867083,20.4611868641941,0.966056914298274
17,0.004862,0.292627119878651,7.06002570167638,20.4548848246122,0.968481892867315
18,0.005148,0.292718985571724,7.05764738162456,20.4487550186492,0.970303444829722
19,0.005434,0.292818762214917,7.05548621368046,20.4427540375591,0.97167153502296
20,0.00572,0.292921010846094,7.05349093575942,20.4368492654272,0.972698860223216
21,0.006006,0.293023071162851,7.05162302555516,20.431016197023,0.973470110705969
22,0.006292,0.293123749938918,7.04985353454194,20.425236422198,0.97404893019759
23,0.006578,0.293222605644555,7.0481607087652,20.4194961111859,0.974483146195412
24,0.006864,0.293319563535017,7.04652820089432,20.4137848763224,0.974808700490487
25,0.00715,0.29341471262378,7.04494372660172,20.4080949166427,0.975052602908251
26,0.007436,0.293508201801049,7.04339805484786,20.4024203750558,0.975235151009174
27,0.007722,0.293600189261682,7.04188424909256,20.3967568552689,0.97537159816716
28,0.008008,0.293690820026652,7.04039709707441,20.3911010587626,0.975473407110434
29,0.008294,0.293780217819368,7.03893268229684,20.3854505119807,0.975549191942475
30,0.00858,0.293868483914217,7.03748806200508,20.3798033613179,0.97560542605944
31,0.008866,0.293955699070116,7.03606102518965,20.3741582190549,0.975646974141607
32,0.009152,0.294041926565559,7.03464991072893,20.3685140475804,0.975677491938559
33,0.009438,0.294127215374009,7.03325347072551,20.3628700723855,0.975699726702951
34,0.009724,0.294211603056325,7.03187076780503,20.35722571668,0.975715742962884
35,0.01001,0.294295118220989,7.03050109793756,20.3515805522572,0.975727092187125
36,0.010296,0.294377782535376,7.02914393243873,20.3459342625695,0.97573494028649
37,0.010582,0.294459612329377,7.02779887438437,20.34028661498,0.975740163429601
38,0.010868,0.294540619852918,7.02646562585652,20.3346374399101,0.975743420047278
39,0.011154,0.294620814250814,7.02514396332929,20.3289866151688,0.975745204942971
40,0.01144,0.294700202312425,7.02383371917162,20.323334054177,0.975745889956107
41,0.011726,0.294778789044788,7.02253476774677,20.317679697117,0.9757457545201
42,0.012012,0.294856578108961,7.02124701496632,20.312023504283,0.975745008626337
43,0.012298,0.294933572151187,7.01997039044012,20.3063654510826,0.975743810081327
44,0.012584,0.29500977305368,7.018704841577,20.3007055242816,0.975742277475252
45,0.01287,0.295085182124199,7.01745032915165,20.295043719181,0.975740499927672
46,0.013156,0.295159800239185,7.01620682397308,20.2893800374965,0.975738544411304
47,0.013442,0.295233627951733,7.01497430438105,20.2837144857642,0.975736461255757
48,0.013728,0.295306665572976,7.01375275436469,20.2780470741429,0.975734288283524
49,0.014014,0.295378913233398,7.01254216214862,20.2723778155138,0.975732053918125
50,0.0143,0.295450370929007,7.01134251913048,20.266706724804,0.975729779519844
51,0.014586,0.295521038556096,7.01015381908247,20.2610338184782,0.975727481141006
52,0.014872,0.295590915937406,7.00897605755135,20.2553591141565,0.975725170845045
53,0.015158,0.295660002841815,7.00780923140749,20.2496826303275,0.975722857697772
54,0.015444,0.295728298999146,7.0066533385061,20.2440043861321,0.975720548512294
55,0.01573,0.295795804111316,7.00550837743249,20.2383244012015,0.975718248408818
56,0.016016,0.295862517860709,7.0043743473108,20.2326426955354,0.975715961235337
57,0.016302,0.295928439916486,7.00325124766017,20.2269592894102,0.975713689883761
58,0.016588,0.295993569939318,7.00213907828667,20.2212742033104,0.975711436527502
59,0.016874,0.296057907584952,7.0010378392021,20.2155874578762,0.975709202800002
60,0.01716,0.296121452506889,6.99994753056297,20.2098990738654,0.9757069899289
61,0.017446,0.296184204358389,6.99886815262467,20.2042090721235,0.975704798836857
62,0.017732,0.296246162793991,6.99779970570697,20.1985174735619,0.975702630217327
63,0.018018,0.296307327470639,6.99674219016816,20.1928242991414,0.975700484591491
64,0.018304,0.296367698048534,6.99569560638557,20.1871295698596,0.975698362351053
65,0.01859,0.296427274191774,6.994659954741,20.1814333067415,0.975696263790387
66,0.018876,0.296486055568827,6.99363523560969,20.1757355308326,0.975694189130708
67,0.019162,0.29654404185289,6.99262144935206,20.1700362631934,0.975692138538229
68,0.019448,0.296601232722152,6.99161859630759,20.1643355248955,0.975690112137808
69,0.019734,0.296657627859991,6.99062667679008,20.1586333370183,0.975688110023203
70,0.02002,0.296713226955124,6.9896456910842,20.1529297206472,0.975686132264776
71,0.020306,0.296768029701708,6.98867563944284,20.1472246968712,0.97568417891529
72,0.020592,0.296822035799424,6.98771652208519,20.141518286782,0.975682250014257
73,0.020878,0.29687524495353,6.98676833919521,20.1358105114729,0.975680345591209
74,0.021164,0.2969276568749,6.98583109092054,20.1301013920379,0.975678465668157
75,0.02145,0.296979271280058,6.98490477737167,20.1243909495713,0.97567661026144
76,0.021736,0.29703008789119,6.98398939862135,20.1186792051668,0.975674779383108
77,0.022022,0.297080106436156,6.98308495470408,20.1129661799178,0.975672973041969
78,0.022308,0.297129326648503,6.9821914456158,20.1072518949164,0.975671191244371
79,0.022594,0.297177748267459,6.98130887131361,20.1015363712535,0.975669433994793
80,0.02288,0.29722537103794,6.9804372317156,20.0958196300187,0.975667701296287
81,0.023166,0.29727219471054,6.97957652670069,20.0901016922998,0.975665993150808
82,0.023452,0.297318219041535,6.97872675610856,20.084382579183,0.975664309559468
83,0.023738,0.297363443792869,6.97788791973955,20.0786623117524,0.975662650522723
84,0.024024,0.297407868732157,6.9770600173546,20.0729409110903,0.975661016040512
85,0.02431,0.297451493632669,6.97624304867527,20.0672183982767,0.975659406112364
86,0.024596,0.297494318273329,6.97543701338363,20.0614947943896,0.975657820737481
87,0.024882,0.297536342438704,6.97464191112233,20.0557701205043,0.975656259914792
88,0.025168,0.297577565918997,6.97385774149454,20.0500443976942,0.975654723643003
89,0.025454,0.29761798851004,6.97308450406396,20.0443176470297,0.97565321192063
90,0.02574,0.297657610013283,6.97232219835485,20.0385898895791,0.975651724746022
91,0.026026,0.297696430235787,6.97157082385197,20.0328611464077,0.975650262117383
92,0.026312,0.297734448990216,6.97083038000067,20.0271314385783,0.975648824032784
93,0.026598,0.29777166609483,6.97010086620683,20.0214007871507,0.975647410490176
94,0.026884,0.297808081373472,6.96938228183691,20.0156692131819,0.975646021487397
95,0.02717,0.297843694655563,6.96867462621794,20.0099367377259,0.975644657022178
96,0.027456,0.297878505776096,6.96797789863754,20.0042033818338,0.975643317092148
97,0.027742,0.29791251457562,6.96729209834394,19.9984691665534,0.975642001694838
98,0.028028,0.297945720900239,6.96661722454599,19.9927341129294,0.97564071082768
99,0.028314,0.297978124601601,6.96595327641316,19.9869982420032,0.975639444488018
100,0.0286,0.298009725536891,6.96530025307557,19.9812615748128,0.975638202673096
101,0.028886,0.298040523568818,6.964658153624,19.9755241323929,0.975636985380074
102,0.029172,0.298070518565614,6.9640269771099,19.9697859357747,0.975635792606015
103,0.029458,0.298099710401021,6.96340672254541,19.9640470059856,0.975634624347897
104,0.029744,0.298128098954286,6.96279738890338,19.9583073640497,0.975633480602606
105,0.03003,0.298155684110148,6.96219897511738,19.9525670309871,0.97563236136694
106,0.030316,0.298182465758838,6.9616114800817,19.9468260278141,0.975631266637607
107,0.030602,0.298208443796064,6.9610349026514,19.9410843755434,0.975630196411229
108,0.030888,0.298233618123006,6.96046924164229,19.9353420951835,0.975629150684337
109,0.031174,0.298257988646308,6.95991449583097,19.929599207739,0.975628129453375
110,0.03146,0.298281555278074,6.95937066395484,19.9238557342102,0.9756271327147
111,0.031746,0.29830431793585,6.95883774471212,19.9181116955936,0.975626160464581
112,0.032032,0.29832627654263,6.95831573676185,19.912367112881,0.975625212699197
113,0.032318,0.298347431026837,6.95780463872392,19.9066220070602,0.975624289414642
114,0.032604,0.298367781322323,6.95730444917909,19.9008763991146,0.97562339060692
115,0.03289,0.298387327368357,6.95681516666899,19.8951303100229,0.975622516271949
116,0.033176,0.298406069109621,6.95633678969618,19.8893837607595,0.975621666405559
117,0.033462,0.298424006496197,6.95586931672409,19.883636772294,0.975620841003493
118,0.033748,0.29844113948357,6.95541274617712,19.8778893655913,0.975620040061405
119,0.034034,0.298457468032608,6.9549670764406,19.8721415616117,0.975619263574865
120,0.03432,0.298472992109566,6.95453230586085,19.8663933813106,0.97561851153935
121,0.034606,0.298487711686071,6.95410843274514,19.8606448456383,0.975617783950256
122,0.034892,0.298501626739121,6.95369545536177,19.8548959755402,0.975617080802887
123,0.035178,0.298514737251072,6.95329337194006,19.8491467919569,0.975616402092463
124,0.035464,0.298527043209635,6.95290218067038,19.8433973158234,0.975615747814114
125,0.03575,0.298538544607869,6.95252187970411,19.8376475680697,0.975615117962885
126,0.036036,0.298549241444173,6.95215246715377,19.8318975696207,0.975614512533734
127,0.036322,0.298559133722277,6.95179394109293,19.8261473413956,0.975613931521531
128,0.036608,0.298568221451242,6.95144629955629,19.8203969043083,0.975613374921058
129,0.036894,0.298576504645443,6.95110954053968,19.8146462792673,0.975612842727013
130,0.03718,0.298583983324574,6.95078366200009,19.8088954871752,0.975612334934004
131,0.037466,0.298590657513631,6.95046866185566,19.8031445489293,0.975611851536554
132,0.037752,0.298596527242913,6.95016453798573,19.797393485421,0.975611392529101
133,0.038038,0.298601592548009,6.94987128823086,19.7916423175358,0.975610957905991
134,0.038324,0.298605853469798,6.94958891039282,19.7858910661535,0.975610547661488
135,0.03861,0.298609310054437,6.94931740223464,19.7801397521477,0.975610161789767
136,0.038896,0.298611962353359,6.94905676148061,19.7743883963862,0.975609800284919
137,0.039182,0.298613810423262,6.94880698581632,19.7686370197306,0.975609463140944
138,0.039468,0.298614854326109,6.94856807288864,19.7628856430364,0.975609150351759
139,0.039754,0.298615094129113,6.94834002030581,19.7571342871525,0.975608861911195
140,0.04004,0.298614529904741,6.94812282563737,19.7513829729221,0.975608597812993
141,0.040326,0.298613161730699,6.94791648641427,19.7456317211813,0.975608358050811
142,0.040612,0.298610989689931,6.94772100012881,19.7398805527603,0.975608142618219
143,0.040898,0.29860801387061,6.94753636423474,19.7341294884823,0.975607951508702
144,0.041184,0.298604234366136,6.9473625761472,19.7283785491643,0.975607784715658
145,0.04147,0.298599651275125,6.94719963324282,19.7226277556163,0.975607642232398
146,0.041756,0.298594264701406,6.94704753285968,19.7168771286416,0.975607524052148
147,0.042042,0.298588074754015,6.94690627229735,19.7111266890367,0.975607430168049
148,0.042328,0.298581081547188,6.94677584881692,19.7053764575911,0.975607360573152
149,0.042614,0.298573285200357,6.94665625964102,19.6996264550875,0.975607315260427
150,0.0429,0.298564685838143,6.94654750195384,19.6938767023013,0.975607294222754
151,0.043186,0.298555283590348,6.94644957290114,19.688127220001,0.97560729745293
152,0.043472,0.298545078591954,6.94636246959029,19.6823780289476,0.975607324943665
153,0.043758,0.298534070983116,6.94628618909028,19.676629149895,0.975607376687583
154,0.044044,0.298522260909153,6.94622072843175,19.6708806035899,0.975607452677223
155,0.04433,0.298509648520546,6.94616608460699,19.6651324107713,0.975607552905038
156,0.044616,0.298496233972932,6.94612225457,19.6593845921707,0.975607677363395
157,0.044902,0.298482017427098,6.94608923523649,19.6536371685122,0.975607826044575
158,0.045188,0.298466999048974,6.94606702348389,19.6478901605123,0.975607998940776
159,0.045474,0.298451179009631,6.94605561615142,19.6421435888794,0.975608196044108
160,0.04576,0.298434557485273,6.94605501004005,19.6363974743146,0.975608417346597
161,0.046046,0.298417134657234,6.94606520191257,19.6306518375108,0.975608662840182
162,0.046332,0.298398910711969,6.94608618849358,19.624906699153,0.975608932516719
163,0.046618,0.298379885841053,6.94611796646956,19.6191620799183,0.975609226367977
164,0.046904,0.298360060241175,6.94616053248883,19.6134180004757,0.975609544385641
165,0.04719,0.298339434114128,6.94621388316165,19.607674481486,0.97560988656131
166,0.047476,0.298318007666813,6.94627801506016,19.6019315436018,0.975610252886498
167,0.047762,0.298295781111225,6.94635292471846,19.5961892074673,0.975610643352635
168,0.048048,0.298272754664454,6.94643860863263,19.5904474937185,0.975611057951065
169,0.048334,0.298248928548676,6.94653506326073,19.5847064229829,0.975611496673048
170,0.04862,0.298224302991153,6.94664228502285,19.5789660158792,0.975611959509758
171,0.048906,0.298198878224222,6.9467602703011,19.5732262930181,0.975612446452286
172,0.049192,0.298172654485296,6.94688901543969,19.567487275001,0.975612957491636
173,0.049478,0.298145632016855,6.94702851674489,19.561748982421,0.975613492618729
174,0.049764,0.298117811066443,6.9471787704851,19.5560114358623,0.9756140518244
175,0.05005,0.298089191886665,6.94733977289087,19.5502746559001,0.975614635099402
176,0.050336,0.298059774735177,6.94751152015489,19.5445386631008,0.975615242434401
177,0.050622,0.29802955987469,6.94769400843206,19.5388034780216,0.97561587381998
178,0.050908,0.297998547572955,6.9478872338395,19.5330691212107,0.975616529246637
179,0.051194,0.297966738102769,6.94809119245655,19.5273356132073,0.975617208704785
180,0.05148,0.297934131741961,6.94830588032485,19.5216029745412,0.975617912184755
181,0.051766,0.297900728773395,6.9485312934483,19.5158712257327,0.975618639676791
182,0.052052,0.297866529484961,6.94876742779313,19.5101403872931,0.975619391171055
183,0.052338,0.297831534169573,6.94901427928793,19.5044104797241,0.975620166657624
184,0.052624,0.297795743125165,6.94927184382364,19.4986815235177,0.975620966126491
185,0.05291,0.297759156654683,6.9495401172536,19.4929535391565,0.975621789567566
186,0.053196,0.297721775066085,6.94981909539359,19.4872265471135,0.975622636970674
187,0.053482,0.297683598672335,6.95010877402181,19.4815005678517,0.975623508325557
188,0.053768,0.2976446277914,6.95040914887897,19.4757756218245,0.975624403621873
189,0.054054,0.297604862746244,6.95072021566827,19.4700517294754,0.975625322849195
190,0.05434,0.297564303864825,6.95104197005541,19.4643289112378,0.975626265997015
191,0.054626,0.297522951480091,6.9513744076687,19.4586071875354,0.975627233054739
192,0.054912,0.297480805929976,6.95171752409898,19.4528865787813,0.97562822401169
193,0.055198,0.297437867557397,6.95207131489975,19.447167105379,0.97562923885711
194,0.055484,0.297394136710246,6.95243577558712,19.4414487877214,0.975630277580154
195,0.05577,0.297349613741393,6.95281090163986,19.4357316461912,0.975631340169895
196,0.056056,0.297304299008675,6.95319668849946,19.4300157011606,0.975632426615325
197,0.056342,0.297258192874898,6.9535931315701,19.4243009729916,0.97563353690535
198,0.056628,0.29721129570783,6.95400022621873,19.4185874820355,0.975634671028794
199,0.056914,0.297163607880199,6.95441796777507,19.4128752486331,0.975635828974397
200,0.0572,0.297115129769687,6.95484635153165,19.4071642931145,0.975637010730818
201,0.057486,0.297065861758928,6.95528537274383,19.401454635799,0.975638216286631
202,0.057772,0.297015804235506,6.95573502662981,19.3957462969953,0.975639445630328
203,0.058058,0.296964957591947,6.95619530837073,19.3900392970009,0.97564069875032
204,0.058344,0.296913322225722,6.95666621311059,19.3843336561028,0.975641975634931
205,0.05863,0.296860898539236,6.95714773595639,19.3786293945766,0.975643276272407
206,0.058916,0.29680768693983,6.95763987197807,19.3729265326869,0.975644600650908
207,0.059202,0.296753687839777,6.95814261620858,19.3672250906874,0.975645948758513
208,0.059488,0.296698901656276,6.95865596364392,19.3615250888203,0.975647320583219
209,0.059774,0.296643328811451,6.95917990924314,19.3558265473166,0.97564871611294
210,0.06006,0.296586969732346,6.9597144479284,19.350129486396,0.975650135335508
211,0.060346,0.296529824850925,6.96025957458495,19.3444339262666,0.975651578238671
212,0.060632,0.296471894604065,6.96081528406123,19.3387398871252,0.975653044810097
213,0.060918,0.296413179433555,6.96138157116882,19.333047389157,0.975654535037372
214,0.061204,0.296353679786093,6.96195843068256,19.3273564525353,0.975656048907998
215,0.06149,0.296293396113282,6.96254585734048,19.3216670974221,0.975657586409397
216,0.061776,0.296232328871625,6.96314384584393,19.3159793439672,0.975659147528907
217,0.062062,0.296170478522529,6.96375239085752,19.310293212309,0.975660732253788
218,0.062348,0.296107845532294,6.96437148700922,19.3046087225735,0.975662340571213
219,0.062634,0.296044430372114,6.96500112889035,19.2989258948751,0.975663972468278
220,0.06292,0.295980233518074,6.96564131105562,19.293244749316,0.975665627931995
221,0.063206,0.295915255451148,6.96629202802319,19.2875653059862,0.975667306949294
222,0.063492,0.295849496657192,6.96695327427463,19.2818875849636,0.975669009507025
223,0.063778,0.295782957626948,6.96762504425504,19.2762116063137,0.975670735591956
224,0.064064,0.295715638856035,6.96830733237301,19.27053739009,0.975672485190775
225,0.06435,0.29564754084495,6.96900013300068,19.2648649563332,0.975674258290085
226,0.064636,0.295578664099063,6.96970344047378,19.2591943250718,0.975676054876413
227,0.064922,0.295509009128618,6.97041724909164,19.2535255163215,0.9756778749362
228,0.065208,0.295438576448727,6.97114155311724,19.2478585500857,0.975679718455809
229,0.065494,0.295367366579368,6.97187634677723,19.2421934463549,0.975681585421521
230,0.06578,0.295295380045384,6.97262162426197,19.236530225107,0.975683475819538
231,0.066066,0.295222617376479,6.97337737972555,19.2308689063069,0.975685389635977
232,0.066352,0.295149079107219,6.97414360728584,19.2252095099067,0.975687326856879
233,0.066638,0.295074765777023,6.9749203010245,19.2195520558457,0.9756892874682
234,0.066924,0.294999677930168,6.97570745498704,19.21389656405,0.97569127145582
235,0.06721,0.294923816115781,6.97650506318282,19.2082430544326,0.975693278805534
236,0.067496,0.294847180887843,6.97731311958511,19.2025915468934,0.97569530950306
237,0.067782,0.294769772805179,6.9781316181311,19.1969420613191,0.975697363534033
238,0.068068,0.294691592431463,6.97896055272197,19.1912946175832,0.975699440884011
239,0.068354,0.29461264033521,6.97979991722287,19.1856492355455,0.975701541538468
240,0.06864,0.29453291708978,6.980649705463,19.1800059350528,0.9757036654828
241,0.068926,0.29445242327337,6.9815099112356,19.174364735938,0.975705812702324
242,0.069212,0.294371159469018,6.98238052829805,19.1687256580207,0.975707983182274
243,0.069498,0.294289126264593,6.98326155037181,19.1630887211069,0.975710176907806
244,0.069784,0.294206324252804,6.98415297114253,19.1574539449886,0.975712393863997
245,0.07007,0.294122754031186,6.98505478426007,19.1518213494444,0.975714634035843
246,0.070356,0.29403841620211,6.9859669833385,19.1461909542387,0.97571689740826
247,0.070642,0.293953311372771,6.98688956195615,19.1405627791223,0.975719183966085
248,0.070928,0.293867440155194,6.98782251365568,19.134936843832,0.975721493694076
249,0.071214,0.293780803166227,6.98876583194406,19.1293131680902,0.975723826576911
250,0.0715,0.293693401027542,6.98971951029263,19.1236917716057,0.975726182599188
251,0.071786,0.293605234365634,6.99068354213714,19.1180726740728,0.975728561745427
252,0.072072,0.293516303811817,6.99165792087776,19.1124558951717,0.975730964000068
253,0.072358,0.293426610002225,6.99264263987916,19.1068414545681,0.975733389347472
254,0.072644,0.293336153577807,6.99363769247048,19.1012293719137,0.975735837771923
255,0.07293,0.29324493518433,6.99464307194543,19.0956196668453,0.975738309257622
256,0.073216,0.293152955472375,6.99565877156229,19.0900123589855,0.975740803788694
257,0.073502,0.293060215097335,6.99668478454393,19.0844074679423,0.975743321349184
258,0.073788,0.292966714719416,6.99772110407789,19.078805013309,0.975745861923061
259,0.074074,0.292872455003635,6.99876772331638,19.0732050146641,0.975748425494211
260,0.07436,0.292777436619816,6.99982463537634,19.0676074915715,0.975751012046444
261,0.074646,0.292681660242593,7.00089183333944,19.0620124635801,0.975753621563493
262,0.074932,0.292585126551407,7.00196931025214,19.0564199502241,0.975756254029009
263,0.075218,0.292487836230503,7.00305705912576,19.0508299710224,0.975758909426568
264,0.075504,0.292389789968932,7.00415507293642,19.0452425454792,0.975761587739665
265,0.07579,0.292290988460549,7.00526334462519,19.0396576930835,0.975764288951719
266,0.076076,0.292191432404011,7.00638186709804,19.0340754333089,0.97576701304607
267,0.076362,0.292091122502778,7.00751063322591,19.028495785614,0.975769760005981
268,0.076648,0.291990059465109,7.00864963584477,19.0229187694421,0.975772529814637
269,0.076934,0.291888244004065,7.00979886775559,19.017344404221,0.975775322455142
270,0.07722,0.291785676837505,7.01095832172445,19.0117727093632,0.975778137910527
271,0.077506,0.291682358688087,7.01212799048253,19.0062037042655,0.975780976163744
272,0.077792,0.291578290283267,7.01330786672616,19.0006374083093,0.975783837197664
273,0.078078,0.291473472355298,7.01449794311686,18.9950738408603,0.975786720995086
274,0.078364,0.291367905641228,7.01569821228138,18.9895130212686,0.975789627538728
275,0.07865,0.291261590882904,7.01690866681172,18.9839549688684,0.975792556811231
276,0.078936,0.291154528826966,7.0181292992652,18.9783997029781,0.975795508795161
277,0.079222,0.291046720224849,7.01936010216444,18.9728472429003,0.975798483473005
278,0.079508,0.290938165832783,7.02060106799747,18.9672976079215,0.975801480827172
279,0.079794,0.290828866411792,7.02185218921772,18.9617508173123,0.975804500839997
280,0.08008,0.290718822727693,7.02311345824406,18.9562068903272,0.975807543493737
281,0.080366,0.290608035551097,7.02438486746086,18.9506658462043,0.97581060877057
282,0.080652,0.290496505657408,7.025666409218,18.9451277041659,0.975813696652601
283,0.080938,0.290384233826822,7.02695807583094,18.9395924834177,0.975816807121856
284,0.081224,0.290271220844329,7.02825985958074,18.9340602031492,0.975819940160285
285,0.08151,0.29015746749971,7.02957175271408,18.9285308825333,0.975823095749762
286,0.081796,0.290042974587539,7.03089374744333,18.9230045407267,0.975826273872084
287,0.082082,0.289927742907182,7.0322258359466,18.9174811968693,0.975829474508973
288,0.082368,0.289811773262798,7.03356801036771,18.9119608700845,0.975832697642073
289,0.082654,0.289695066463338,7.0349202628163,18.9064435794791,0.975835943252954
290,0.08294,0.289577623322546,7.03628258536786,18.9009293441431,0.975839211323109
291,0.083226,0.289459444658956,7.03765497006371,18.8954181831496,0.975842501833954
292,0.083512,0.289340531295899,7.03903740891111,18.889910115555,0.975845814766832
293,0.083798,0.289220884061494,7.04042989388327,18.8844051603986,0.975849150103008
294,0.084084,0.289100503788659,7.04183241691937,18.8789033367029,0.975852507823673
295,0.08437,0.288979391315101,7.04324496992464,18.8734046634732,0.97585588790994
296,0.084656,0.288857547483322,7.04466754477037,18.8679091596977,0.975859290342849
297,0.084942,0.28873497314062,7.04610013329395,18.8624168443475,0.975862715103365
298,0.085228,0.288611669139087,7.04754272729893,18.8569277363763,0.975866162172376
299,0.085514,0.288487636335608,7.04899531855505,18.8514418547207,0.975869631530695
300,0.0858,0.288362875591868,7.05045789879826,18.8459592182998,0.97587312315906
301,0.086086,0.288237387774345,7.05193045973079,18.8404798460151,0.975876637038136
302,0.086372,0.288111173754316,7.05341299302117,18.835003756751,0.975880173148511
303,0.086658,0.287984234407856,7.0549054903043,18.8295309693739,0.9758837314707
304,0.086944,0.287856570615837,7.05640794318145,18.8240615027329,0.975887311985141
305,0.08723,0.287728183263933,7.05792034322031,18.8185953756592,0.975890914672198
306,0.087516,0.287599073242615,7.05944268195506,18.8131326069664,0.975894539512162
307,0.087802,0.287469241447159,7.06097495088638,18.8076732154501,0.97589818648525
308,0.088088,0.287338688777638,7.06251714148151,18.8022172198883,0.975901855571601
309,0.088374,0.287207416138935,7.06406924517427,18.7967646390408,0.975905546751284
310,0.08866,0.28707542444073,7.06563125336512,18.7913154916494,0.975909260004293
311,0.088946,0.286942714597514,7.06720315742119,18.7858697964381,0.975912995310545
312,0.089232,0.28680928752858,7.06878494867633,18.7804275721124,0.975916752649886
313,0.089518,0.286675144158032,7.07037661843116,18.77498883736,0.975920532002088
314,0.089804,0.286540285414781,7.07197815795308,18.7695536108499,0.975924333346848
315,0.09009,0.286404712232549,7.07358955847633,18.7641219112332,0.97592815666379
316,0.090376,0.28626842554987,7.07521081120204,18.7586937571424,0.975932001932465
317,0.090662,0.286131426310088,7.07684190729826,18.7532691671916,0.97593586913235
318,0.090948,0.285993715461366,7.07848283790002,18.7478481599764,0.975939758242848
319,0.091234,0.285855293956679,7.08013359410934,18.7424307540738,0.97594366924329
320,0.09152,0.285716162753821,7.08179416699529,18.7370169680423,0.975947602112934
321,0.091806,0.285576322815405,7.08346454759404,18.7316068204216,0.975951556830962
322,0.092092,0.285435775108866,7.08514472690891,18.7262003297325,0.975955533376488
323,0.092378,0.285294520606459,7.08683469591035,18.7207975144774,0.975959531728549
324,0.092664,0.285152560285265,7.08853444553609,18.7153983931395,0.97596355186611
325,0.09295,0.285009895127191,7.09024396669108,18.7100029841831,0.975967593768066
326,0.093236,0.284866526118971,7.09196325024758,18.7046113060536,0.975971657413235
327,0.093522,0.284722454252169,7.09369228704522,18.6992233771774,0.975975742780367
328,0.093808,0.284577680523182,7.095431067891,18.6938392159615,0.975979849848136
329,0.094094,0.28443220593324,7.09717958355936,18.688458840794,0.975983978595147
330,0.09438,0.28428603148841,7.09893782479222,18.6830822700437,0.975988128999929
331,0.094666,0.284139158199596,7.10070578229902,18.67770952206,0.975992301040943
332,0.094952,0.283991587082542,7.10248344675677,18.672340615173,0.975996494696575
333,0.095238,0.283843319157837,7.10427080881007,18.6669755676935,0.976000709945141
334,0.095524,0.283694355450913,7.10606785907119,18.6616143979126,0.976004946764884
335,0.09581,0.283544696992049,7.10787458812008,18.6562571241019,0.976009205133976
336,0.096096,0.283394344816376,7.10969098650444,18.6509037645136,0.976013485030517
337,0.096382,0.283243299963876,7.11151704473975,18.64555433738,0.976017786432535
338,0.096668,0.283091563479385,7.11335275330932,18.6402088609138,0.976022109317989
339,0.096954,0.282939136412597,7.11519810266432,18.6348673533079,0.976026453664763
340,0.09724,0.282786019818068,7.11705308322385,18.6295298327353,0.976030819450674
341,0.097526,0.282632214755213,7.11891768537496,18.6241963173492,0.976035206653465
342,0.097812,0.282477722288316,7.1207918994727,18.6188668252827,0.976039615250809
343,0.098098,0.282322543486529,7.12267571584019,18.6135413746489,0.976044045220308
344,0.098384,0.282166679423874,7.12456912476861,18.6082199835411,0.976048496539493
345,0.09867,0.282010131179248,7.1264721165173,18.602902670032,0.976052969185825
346,0.098956,0.281852899836425,7.12838468131378,18.5975894521744,0.976057463136694
347,0.099242,0.281694986484059,7.13030680935381,18.5922803480008,0.976061978369419
348,0.099528,0.28153639221569,7.13223849080139,18.5869753755233,0.97606651486125
349,0.099814,0.281377118129742,7.13417971578887,18.5816745527337,0.976071072589366
350,0.1001,0.28121716532953,7.13613047441695,18.5763778976032,0.976075651530876
351,0.100386,0.281056534923262,7.13809075675474,18.5710854280828,0.976080251662819
352,0.100672,0.280895228024044,7.14006055283981,18.5657971621027,0.976084872962163
353,0.100958,0.28073324574988,7.14203985267821,18.5605131175725,0.976089515405808
354,0.101244,0.28057058922368,7.14402864624455,18.5552333123813,0.976094178970583
355,0.10153,0.280407259573259,7.14602692348205,18.5499577643972,0.976098863633248
356,0.101816,0.280243257931344,7.14803467430253,18.5446864914677,0.976103569370493
357,0.102102,0.280078585435577,7.15005188858652,18.5394195114195,0.976108296158939
358,0.102388,0.279913243228518,7.15207855618327,18.5341568420582,0.976113043975137
359,0.102674,0.279747232457647,7.1541146669108,18.5288985011686,0.97611781279557
360,0.10296,0.279580554275374,7.15616021055596,18.5236445065143,0.976122602596652
361,0.103246,0.279413209839036,7.15821517687448,18.518394875838,0.976127413354725
362,0.103532,0.279245200310904,7.16027955559097,18.5131496268611,0.976132245046067
363,0.103818,0.279076526858189,7.16235333639903,18.507908777284,0.976137097646883
364,0.104104,0.278907190653043,7.16443650896126,18.5026723447857,0.976141971133312
365,0.10439,0.278737192872564,7.16652906290931,18.4974403470239,0.976146865481423
366,0.104676,0.278566534698801,7.16863098784394,18.4922128016348,0.976151780667216
367,0.104962,0.278395217318759,7.17074227333505,18.4869897262335,0.976156716666625
368,0.105248,0.278223241924401,7.17286290892174,18.4817711384134,0.976161673455514
369,0.105534,0.278050609712655,7.17499288411234,18.4765570557463,0.976166651009679
370,0.10582,0.277877321885417,7.1771321883845,18.4713474957824,0.976171649304848
371,0.106106,0.277703379649556,7.17928081118518,18.4661424760505,0.976176668316682
372,0.106392,0.27752878421692,7.18143874193074,18.4609420140575,0.976181708020774
373,0.106678,0.277353536804337,7.18360597000695,18.4557461272884,0.976186768392648
374,0.106964,0.277177638633624,7.18578248476908,18.4505548332065,0.976191849407761
375,0.10725,0.277001090931592,7.18796827554193,18.4453681492533,0.976196951041504
376,0.107536,0.276823894930046,7.19016333161986,18.4401860928482,0.976202073269198
377,0.107822,0.276646051865794,7.19236764226687,18.4350086813888,0.976207216066099
378,0.108108,0.276467562980654,7.19458119671662,18.4298359322504,0.976212379407395
379,0.108394,0.276288429521453,7.19680398417248,18.4246678627863,0.976217563268207
380,0.10868,0.276108652740038,7.19903599380762,18.4195044903277,0.97622276762359
381,0.108966,0.275928233893278,7.20127721476499,18.4143458321834,0.976227992448529
382,0.109252,0.275747174243071,7.20352763615742,18.4091919056402,0.976233237717947
383,0.109538,0.275565475056349,7.20578724706767,18.4040427279622,0.976238503406696
384,0.109824,0.275383137605084,7.20805603654843,18.3988983163914,0.976243789489565
385,0.11011,0.275200163166293,7.21033399362242,18.3937586881473,0.976249095941274
386,0.110396,0.275016553022042,7.21262110728241,18.3886238604268,0.976254422736479
387,0.110682,0.274832308459455,7.21491736649129,18.3834938504042,0.976259769849768
388,0.110968,0.27464743077072,7.2172227601821,18.3783686752314,0.976265137255664
389,0.111254,0.274461921253091,7.21953727725807,18.3732483520374,0.976270524928624
390,0.11154,0.274275781208897,7.22186090659272,18.3681328979287,0.976275932843038
391,0.111826,0.274089011945548,7.22419363702984,18.3630223299888,0.976281360973232
392,0.112112,0.273901614775539,7.22653545738359,18.3579166652784,0.976286809293466
393,0.112398,0.27371359101646,7.22888635643853,18.3528159208355,0.976292277777933
394,0.112684,0.273524941990998,7.23124632294969,18.347720113675,0.976297766400764
395,0.11297,0.273335669026946,7.23361534564256,18.3426292607887,0.97630327513602
396,0.113256,0.273145773457211,7.23599341321323,18.3375433791456,0.976308803957701
397,0.113542,0.272955256619816,7.23838051432837,18.3324624856914,0.976314352839741
398,0.113828,0.272764119857908,7.24077663762529,18.3273865973486,0.976319921756007
399,0.114114,0.272572364519771,7.24318177171201,18.3223157310167,0.976325510680304
400,0.1144,0.272379991958821,7.24559590516732,18.3172499035717,0.97633111958637
401,0.114686,0.272187003533624,7.24801902654079,18.3121891318665,0.976336748447881
402,0.114972,0.271993400607896,7.25045112435286,18.3071334327304,0.976342397238447
403,0.115258,0.271799184550513,7.25289218709484,18.3020828229693,0.976348065931612
404,0.115544,0.271604356735519,7.25534220322904,18.2970373193657,0.976353754500859
405,0.11583,0.27140891854213,7.25780116118873,18.2919969386785,0.976359462919605
406,0.116116,0.271212871354741,7.26026904937827,18.2869616976431,0.976365191161204
407,0.116402,0.27101621656294,7.2627458561731,18.2819316129711,0.976370939198946
408,0.116688,0.270818955561507,7.26523156991982,18.2769067013505,0.976376707006055
409,0.116974,0.270621089750427,7.26772617893625,18.2718869794455,0.976382494555694
410,0.11726,0.270422620534895,7.27022967151144,18.2668724638965,0.976388301820963
411,0.117546,0.270223549325325,7.27274203590579,18.26186317132,0.976394128774896
412,0.117832,0.270023877537357,7.27526326035103,18.2568591183086,0.976399975390465
413,0.118118,0.269823606591866,7.2777933330503,18.251860321431,0.976405841640579
414,0.118404,0.269622737914968,7.28033224217822,18.2468667972318,0.976411727498085
415,0.11869,0.269421272938029,7.2828799758809,18.2418785622315,0.976417632935764
416,0.118976,0.269219213097676,7.28543652227605,18.2368956329266,0.976423557926337
417,0.119262,0.269016559835799,7.28800186945296,18.2319180257894,0.976429502442461
418,0.119548,0.268813314599566,7.29057600547262,18.2269457572677,0.976435466456731
419,0.119834,0.268609478841427,7.29315891836771,18.2219788437853,0.97644144994168
420,0.12012,0.268405054019122,7.2957505961427,18.2170173017417,0.976447452869777
421,0.120406,0.268200041595694,7.2983510267739,18.2120611475117,0.976453475213429
422,0.120692,0.267994443039495,7.30096019820946,18.207110397446,0.976459516944984
423,0.120978,0.267788259824192,7.30357809836949,18.2021650678706,0.976465578036723
424,0.121264,0.267581493428783,7.30620471514607,18.197225175087,0.97647165846087
425,0.12155,0.267374145337598,7.30884003640329,18.192290735372,0.976477758189583
426,0.121836,0.267166217040312,7.31148404997736,18.1873617649781,0.976483877194962
427,0.122122,0.266957710031957,7.31413674367662,18.1824382801327,0.976490015449043
428,0.122408,0.266748625812924,7.31679810528159,18.1775202970386,0.976496172923802
429,0.122694,0.266538965888979,7.31946812254503,18.1726078318739,0.976502349591153
430,0.12298,0.26632873177127,7.322146783192,18.1677009007916,0.976508545422948
431,0.123266,0.266117924976335,7.32483407491993,18.1627995199201,0.976514760390981
432,0.123552,0.265906547026112,7.32752998539863,18.1579037053626,0.976520994466982
433,0.123838,0.265694599447953,7.33023450227035,18.1530134731974,0.976527247622621
434,0.124124,0.265482083774629,7.33294761314987,18.1481288394777,0.976533519829509
435,0.12441,0.26526900154434,7.33566930562454,18.1432498202316,0.976539811059193
436,0.124696,0.265055354300728,7.33839956725429,18.1383764314621,0.976546121283164
437,0.124982,0.264841143592885,7.34113838557175,18.1335086891468,0.976552450472848
438,0.125268,0.264626370975366,7.34388574808225,18.1286466092384,0.976558798599616
439,0.125554,0.264411038008193,7.3466416422639,18.1237902076639,0.976565165634773
440,0.12584,0.264195146256873,7.34940605556764,18.1189395003252,0.97657155154957
441,0.126126,0.263978697292404,7.3521789754173,18.1140945030987,0.976577956315194
442,0.126412,0.263761692691286,7.35496038920962,18.1092552318352,0.976584379902773
443,0.126698,0.263544134035534,7.35775028431435,18.1044217023602,0.976590822283378
444,0.126984,0.263326022912686,7.36054864807427,18.0995939304736,0.976597283428017
445,0.12727,0.263107360915815,7.36335546780526,18.0947719319497,0.976603763307641
446,0.127556,0.262888149643542,7.36617073079637,18.0899557225369,0.976610261893141
447,0.127842,0.262668390700044,7.36899442430982,18.0851453179583,0.97661677915535
448,0.128128,0.262448085695067,7.37182653558111,18.0803407339109,0.97662331506504
449,0.128414,0.262227236243937,7.37466705181906,18.075541986066,0.976629869592924
450,0.1287,0.262005843967571,7.37751596020583,18.0707490900691,0.976636442709661
451,0.128986,0.261783910492491,7.38037324789704,18.0659620615398,0.976643034385845
452,0.129272,0.261561437450832,7.38323890202175,18.0611809160717,0.976649644592015
453,0.129558,0.261338426480357,7.38611290968257,18.0564056692323,0.976656273298653
454,0.129844,0.261114879224465,7.3889952579557,18.0516363365632,0.976662920476179
455,0.13013,0.260890797332208,7.39188593389097,18.0468729335799,0.976669586094957
456,0.130416,0.2606661824583,7.3947849245119,18.0421154757717,0.976676270125294
457,0.130702,0.26044103626313,7.39769221681579,18.0373639786015,0.976682972537438
458,0.130988,0.260215360412774,7.40060779777371,18.0326184575064,0.976689693301578
459,0.131274,0.259989156579008,7.40353165433061,18.0278789278968,0.976696432387848
460,0.13156,0.25976242643932,7.40646377340535,18.023145405157,0.976703189766323
461,0.131846,0.259535171676923,7.40940414189077,18.0184179046448,0.976709965407021
462,0.132132,0.259307393980768,7.41235274665371,18.0136964416917,0.976716759279902
463,0.132418,0.259079095045558,7.41530957453513,18.0089810316024,0.976723571354871
464,0.132704,0.258850276571758,7.41827461235011,18.0042716896554,0.976730401601773
465,0.13299,0.25862094026561,7.4212478468879,17.9995684311025,0.9767372499904
466,0.133276,0.258391087839147,7.42422926491203,17.9948712711689,0.976744116490484
467,0.133562,0.258160721010207,7.42721885316033,17.990180225053,0.976751001071702
468,0.133848,0.257929841502442,7.43021659834497,17.9854953079266,0.976757903703674
469,0.134134,0.257698451045338,7.43322248715256,17.9808165349348,0.976764824355963
470,0.13442,0.257466551374224,7.43623650624416,17.9761439211956,0.976771762998078
471,0.134706,0.257234144230288,7.43925864225537,17.9714774818005,0.976778719599469
472,0.134992,0.257001231360588,7.44228888179638,17.9668172318139,0.976785694129533
473,0.135278,0.256767814518074,7.44532721145199,17.9621631862733,0.97679268655761
474,0.135564,0.256533895461591,7.44837361778174,17.957515360189,0.976799696852983
475,0.13585,0.256299475955904,7.45142808731989,17.9528737685445,0.976806724984881
476,0.136136,0.256064557771704,7.45449060657552,17.9482384262962,0.976813770922477
477,0.136422,0.255829142685628,7.45756116203258,17.9436093483732,0.97682083463489
478,0.136708,0.255593232480273,7.46063974014992,17.9389865496775,0.976827916091181
479,0.136994,0.255356828944208,7.46372632736139,17.9343700450839,0.976835015260358
480,0.13728,0.255119933871991,7.46682091007588,17.9297598494399,0.976842132111374
481,0.137566,0.254882549064187,7.46992347467736,17.9251559775655,0.976849266613128
482,0.137852,0.254644676327377,7.47303400752493,17.9205584442538,0.976856418734461
483,0.138138,0.254406317474177,7.47615249495293,17.9159672642699,0.976863588444163
484,0.138424,0.254167474323256,7.47927892327095,17.9113824523518,0.976870775710969
485,0.13871,0.253928148699345,7.4824132787639,17.90680402321,0.976877980503558
486,0.138996,0.253688342433261,7.48555554769205,17.9022319915273,0.976885202790556
487,0.139282,0.253448057361914,7.48870571629113,17.8976663719589,0.976892442540535
488,0.139568,0.25320729532833,7.49186377077234,17.8931071791326,0.976899699722013
489,0.139854,0.252966058181665,7.49502969732245,17.8885544276482,0.976906974303455
490,0.14014,0.252724347777221,7.49820348210381,17.884008132078,0.976914266253271
491,0.140426,0.25248216597646,7.50138511125446,17.8794683069665,0.976921575539819
492,0.140712,0.252239514647027,7.50457457088813,17.8749349668301,0.976928902131401
493,0.140998,0.251996395662758,7.50777184709438,17.8704081261578,0.976936245996269
494,0.141284,0.251752810903707,7.51097692593854,17.8658877994103,0.976943607102621
495,0.14157,0.251508762256152,7.51418979346188,17.8613740010206,0.9769509854186
496,0.141856,0.251264251612623,7.51741043568161,17.8568667453936,0.976958380912299
497,0.142142,0.251019280871909,7.52063883859095,17.8523660469062,0.976965793551756
498,0.142428,0.250773851939084,7.52387498815918,17.8478719199071,0.976973223304958
499,0.142714,0.250527966725519,7.52711887033172,17.843384378717,0.976980670139839
500,0.143,0.250281627148902,7.53037047103017,17.8389034376285,0.976988134024281
501,0.143286,0.250034835133256,7.53362977615235,17.8344291109058,0.976995614926113
502,0.143572,0.249787592608954,7.53689677157241,17.8299614127849,0.977003112813112
503,0.143858,0.249539901512741,7.54017144314085,17.8255003574735,0.977010627653005
504,0.144144,0.249291763787752,7.54345377668458,17.8210459591512,0.977018159413465
505,0.14443,0.249043181383525,7.54674375800699,17.8165982319688,0.977025708062113
506,0.144716,0.248794156256028,7.55004137288801,17.8121571900489,0.977033273566522
507,0.145002,0.24854469036767,7.55334660708414,17.8077228474857,0.977040855894209
508,0.145288,0.248294785687324,7.55665944632857,17.8032952183448,0.977048455012644
509,0.145574,0.248044444190345,7.55997987633115,17.7988743166631,0.977056070889242
510,0.14586,0.247793667858588,7.56330788277855,17.7944601564491,0.977063703491371
511,0.146146,0.247542458680431,7.56664345133423,17.7900527516827,0.977071352786345
512,0.146432,0.247290818650788,7.56998656763856,17.785652116315,0.977079018741428
513,0.146718,0.247038749771135,7.57333721730883,17.7812582642683,0.977086701323834
514,0.147004,0.246786254049525,7.57669538593937,17.7768712094363,0.977094400500726
515,0.14729,0.246533333500612,7.58006105910154,17.7724909656838,0.977102116239218
516,0.147576,0.246279990145665,7.58343422234384,17.7681175468468,0.977109848506373
517,0.147862,0.246026226012597,7.58681486119195,17.7637509667323,0.977117597269203
518,0.148148,0.245772043135974,7.5902029611488,17.7593912391186,0.977125362494671
519,0.148434,0.245517443557048,7.59359850769459,17.7550383777548,0.977133144149691
520,0.14872,0.245262429323766,7.59700148628692,17.7506923963611,0.977140942201125
521,0.149006,0.245007002490799,7.60041188236077,17.7463533086286,0.977148756615789
522,0.149292,0.244751165119558,7.60382968132865,17.7420211282193,0.977156587360446
523,0.149578,0.244494919278219,7.60725486858055,17.737695868766,0.977164434401812
524,0.149864,0.244238267041739,7.61068742948411,17.7333775438726,0.977172297706554
525,0.15015,0.243981210491884,7.6141273493846,17.7290661671134,0.977180177241288
526,0.150436,0.243723751717245,7.61757461360501,17.7247617520337,0.977188072972584
527,0.150722,0.243465892813262,7.62102920744611,17.7204643121494,0.977195984866961
528,0.151008,0.243207635882245,7.62449111618651,17.7161738609471,0.97720391289089
529,0.151294,0.242948983033397,7.62796032508273,17.7118904118841,0.977211857010795
530,0.15158,0.242689936382836,7.63143681936923,17.707613978388,0.97721981719305
531,0.151866,0.242430498053616,7.63492058425849,17.7033445738572,0.977227793403981
532,0.152152,0.242170670175752,7.63841160494109,17.6990822116607,0.977235785609868
533,0.152438,0.241910454886239,7.64190986658571,17.6948269051375,0.97724379377694
534,0.152724,0.241649854329079,7.64541535433927,17.6905786675975,0.97725181787138
535,0.15301,0.241388870655299,7.64892805332693,17.6863375123208,0.977259857859324
536,0.153296,0.24112750602298,7.65244794865215,17.6821034525578,0.97726791370686
537,0.153582,0.240865762597274,7.65597502539682,17.6778765015292,0.977275985380028
538,0.153868,0.240603642550434,7.65950926862122,17.6736566724261,0.977284072844821
539,0.154154,0.240341148061831,7.66305066336417,17.6694439784096,0.977292176067186
540,0.15444,0.240078281317984,7.66659919464303,17.6652384326113,0.977300295013022
541,0.154726,0.239815044512577,7.67015484745378,17.6610400481326,0.977308429648182
542,0.155012,0.23955143984649,7.6737176067711,17.6568488380453,0.977316579938471
543,0.155298,0.239287469527819,7.67728745754842,17.6526648153912,0.977324745849649
544,0.155584,0.239023135771903,7.68086438471794,17.6484879931819,0.977332927347429
545,0.15587,0.238758440801344,7.68444837319077,17.6443183843993,0.977341124397478
546,0.156156,0.238493386846039,7.68803940785691,17.6401560019952,0.977349336965418
547,0.156442,0.238227976143196,7.69163747358538,17.6360008588911,0.977357565016821
548,0.156728,0.237962210937369,7.69524255522423,17.6318529679787,0.977365808517219
549,0.157014,0.237696093480474,7.69885463760063,17.6277123421192,0.977374067432093
550,0.1573,0.237429626031822,7.70247370552091,17.623578994144,0.977382341726883
551,0.157586,0.237162810858136,7.70609974377066,17.619452936854,0.97739063136698
552,0.157872,0.236895650233588,7.70973273711473,17.6153341830198,0.977398936317731
553,0.158158,0.236628146439814,7.71337267029736,17.6112227453819,0.977407256544439
554,0.158444,0.236360301765948,7.71701952804218,17.6071186366503,0.977415592012361
555,0.15873,0.236092118508642,7.72067329505231,17.6030218695047,0.97742394268671
556,0.159016,0.235823598972099,7.72433395601043,17.5989324565942,0.977432308532652
557,0.159302,0.235554745468092,7.72800149557879,17.5948504105378,0.977440689515311
558,0.159588,0.235285560315999,7.73167589839933,17.5907757439236,0.977449085599766
559,0.159874,0.235016045842822,7.7353571490937,17.5867084693096,0.97745749675105
560,0.16016,0.234746204383219,7.73904523226335,17.5826485992229,0.977465922934155
561,0.160446,0.234476038279533,7.74274013248957,17.5785961461601,0.977474364114026
562,0.160732,0.234205549881811,7.74644183433356,17.5745511225871,0.977482820255567
563,0.161018,0.233934741547842,7.75015032233653,17.5705135409394,0.977491291323634
564,0.161304,0.233663615643178,7.75386558101966,17.5664834136216,0.977499777283044
565,0.16159,0.233392174541162,7.75758759488429,17.5624607530074,0.977508278098569
566,0.161876,0.233120420622961,7.76131634841188,17.5584455714399,0.977516793734937
567,0.162162,0.23284835627759,7.76505182606414,17.5544378812315,0.977525324156832
568,0.162448,0.232575983901941,7.76879401228303,17.5504376946636,0.977533869328899
569,0.162734,0.232303305900812,7.77254289149091,17.5464450239866,0.977542429215734
570,0.16302,0.232030324686938,7.7762984480905,17.5424598814202,0.977551003781897
571,0.163306,0.231757042681016,7.78006066646501,17.5384822791531,0.977559592991899
572,0.163592,0.231483462311736,7.78382953097819,17.5345122293429,0.977568196810214
573,0.163878,0.231209586015814,7.78760502597437,17.5305497441163,0.97757681520127
574,0.164164,0.230935416238013,7.79138713577857,17.5265948355689,0.977585448129455
575,0.16445,0.230660955431181,7.79517584469649,17.5226475157651,0.977594095559113
576,0.164736,0.230386206056276,7.79897113701465,17.5187077967383,0.977602757454549
577,0.165022,0.230111170582398,7.80277299700041,17.5147756904908,0.977611433780023
578,0.165308,0.229835851486818,7.80658140890202,17.5108512089935,0.977620124499756
579,0.165594,0.229560251255008,7.81039635694873,17.5069343641862,0.977628829577926
580,0.16588,0.229284372380675,7.8142178253508,17.5030251679774,0.97763754897867
581,0.166166,0.229008217365786,7.81804579829962,17.4991236322444,0.977646282666085
582,0.166452,0.228731788720605,7.82188025996771,17.4952297688329,0.977655030604225
583,0.166738,0.228455088963718,7.82572119450883,17.4913435895577,0.977663792757104
584,0.167024,0.228178120622068,7.82956858605803,17.4874651062016,0.977672569088697
585,0.16731,0.227900886230986,7.8334224187317,17.4835943305165,0.977681359562935
586,0.167596,0.227623388334222,7.83728267662767,17.4797312742225,0.977690164143711
587,0.167882,0.227345629483974,7.84114934382521,17.4758759490085,0.977698982794877
588,0.168168,0.227067612240927,7.84502240438516,17.4720283665315,0.977707815480246
589,0.168454,0.226789339174277,7.84890184234994,17.4681885384171,0.977716662163588
590,0.16874,0.226510812861767,7.85278764174367,17.4643564762595,0.977725522808636
591,0.169026,0.22623203588972,7.85667978657217,17.4605321916211,0.977734397379081
592,0.169312,0.225953010853069,7.86057826082306,17.4567156960324,0.977743285838578
593,0.169598,0.225673740355392,7.86448304846584,17.4529070009927,0.977752188150739
594,0.169884,0.225394227008945,7.86839413345191,17.4491061179692,0.977761104279137
595,0.17017,0.225114473434692,7.87231149971465,17.4453130583975,0.977770034187308
596,0.170456,0.224834482262341,7.87623513116951,17.4415278336814,0.977778977838748
597,0.170742,0.224554256130376,7.88016501171403,17.4377504551927,0.977787935196913
598,0.171028,0.224273797686093,7.88410112522794,17.4339809342716,0.97779690622522
599,0.171314,0.223993109585629,7.8880434555732,17.4302192822264,0.977805890887051
600,0.1716,0.223712194493998,7.89199198659409,17.4264655103332,0.977814889145746
601,0.171886,0.223431055085129,7.89594670211724,17.4227196298365,0.977823900964608
602,0.172172,0.223149694041892,7.89990758595172,17.4189816519485,0.9778329263069
603,0.172458,0.222868114056141,7.90387462188909,17.4152515878497,0.977841965135851
604,0.172744,0.22258631782874,7.90784779370348,17.4115294486884,0.977851017414649
605,0.17303,0.222304308069604,7.91182708515163,17.4078152455808,0.977860083106445
606,0.173316,0.222022087497733,7.91581247997297,17.404108989611,0.977869162174352
607,0.173602,0.221739658841242,7.91980396188969,17.4004106918311,0.977878254581446
608,0.173888,0.221457024837401,7.92380151460679,17.3967203632609,0.977887360290767
609,0.174174,0.22117418823267,7.92780512181216,17.393038014888,0.977896479265316
610,0.17446,0.220891151782731,7.93181476717661,17.3893636576679,0.977905611468058
611,0.174746,0.220607918252527,7.93583043435397,17.3856973025237,0.97791475686192
612,0.175032,0.220324490416294,7.93985210698116,17.3820389603464,0.977923915409793
613,0.175318,0.2200408710576,7.94387976867822,17.3783886419944,0.977933087074533
614,0.175604,0.219757062969381,7.94791340304839,17.374746358294,0.977942271818957
615,0.17589,0.219473068953975,7.95195299367819,17.3711121200392,0.977951469605847
616,0.176176,0.219188891823159,7.95599852413746,17.3674859379912,0.977960680397949
617,0.176462,0.218904534398183,7.96004997797943,17.3638678228792,0.977969904157973
618,0.176748,0.218619999509814,7.9641073387408,17.3602577853997,0.977979140848592
619,0.177034,0.218335289998364,7.9681705899418,17.3566558362168,0.977988390432446
620,0.17732,0.21805040871373,7.97223971508623,17.353061985962,0.977997652872136
621,0.177606,0.217765358515433,7.97631469766156,17.3494762452343,0.97800692813023
622,0.177892,0.217480142272653,7.98039552113898,17.3458986246002,0.978016216169261
623,0.178178,0.217194762864263,7.98448216897345,17.3423291345934,0.978025516951725
624,0.178464,0.216909223178874,7.98857462460379,17.3387677857152,0.978034830440085
625,0.17875,0.216623526114866,7.99267287145272,17.3352145884341,0.978044156596768
626,0.179036,0.216337674580427,7.99677689292696,17.331669553186,0.978053495384166
627,0.179322,0.216051671493591,8.00088667241725,17.3281326903738,0.978062846764636
628,0.179608,0.215765519782276,8.00500219329844,17.3246040103681,0.978072210700505
629,0.179894,0.215479222384323,8.00912343892959,17.3210835235065,0.97808158715406
630,0.18018,0.21519278224753,8.01325039265394,17.3175712400936,0.978090976087557
631,0.180466,0.214906202329695,8.01738303779908,17.3140671704015,0.978100377463219
632,0.180752,0.21461948559865,8.02152135767695,17.3105713246694,0.978109791243232
633,0.181038,0.214332635032302,8.02566533558392,17.3070837131033,0.97811921738975
634,0.181324,0.214045653618671,8.02981495480086,17.3036043458767,0.978128655864895
635,0.18161,0.213758544355927,8.03397019859322,17.30013323313,0.978138106630754
636,0.181896,0.21347131025243,8.03813105021105,17.2966703849705,0.978147569649382
637,0.182182,0.213183954326768,8.04229749288913,17.2932158114727,0.978157044882798
638,0.182468,0.212896479607796,8.04646950984696,17.2897695226779,0.978166532292991
639,0.182754,0.212608889134674,8.05064708428891,17.2863315285947,0.978176031841918
640,0.18304,0.212321185956909,8.05483019940421,17.2829018391982,0.9781855434915
641,0.183326,0.212033373134389,8.05901883836705,17.2794804644306,0.978195067203628
642,0.183612,0.211745453737425,8.06321298433666,17.2760674142011,0.978204602940161
643,0.183898,0.211457430846793,8.06741262045733,17.2726626983855,0.978214150662924
644,0.184184,0.211169307553766,8.07161772985851,17.2692663268266,0.978223710333712
645,0.18447,0.210881086960161,8.0758282956549,17.265878309334,0.978233281914286
646,0.184756,0.210592772178372,8.08004430094644,17.262498655684,0.978242865366377
647,0.185042,0.210304366331414,8.08426572881845,17.2591273756196,0.978252460651684
648,0.185328,0.210015872552959,8.08849256234166,17.2557644788506,0.978262067731874
649,0.185614,0.209727293987377,8.09272478457227,17.2524099750537,0.978271686568584
650,0.1859,0.209438633789779,8.09696237855203,17.2490638738718,0.978281317123419
651,0.186186,0.209149895126048,8.10120532730832,17.2457261849149,0.978290959357953
652,0.186472,0.208861081172889,8.10545361385417,17.2423969177593,0.978300613233728
653,0.186758,0.20857219511786,8.10970722118839,17.2390760819481,0.978310278712259
654,0.187044,0.208283240159416,8.11396613229556,17.235763686991,0.978319955755026
655,0.18733,0.207994219506948,8.11823033014618,17.232459742364,0.978329644323483
656,0.187616,0.207705136380824,8.12249979769665,17.2291642575099,0.97833934437905
657,0.187902,0.207415994012424,8.12677451788941,17.2258772418379,0.978349055883118
658,0.188188,0.207126795644187,8.13105447365297,17.2225987047235,0.97835877879705
659,0.188474,0.206837544529644,8.13533964790197,17.219328655509,0.978368513082177
660,0.18876,0.206548243933463,8.13963002353725,17.2160671035028,0.978378258699801
661,0.189046,0.206258897131482,8.14392558344595,17.2128140579799,0.978388015611196
662,0.189332,0.205969507410758,8.14822631050152,17.2095695281817,0.978397783777604
663,0.189618,0.2056800780696,8.15253218756383,17.2063335233158,0.978407563160239
664,0.189904,0.205390612417608,8.15684319747923,17.2031060525563,0.978417353720287
665,0.19019,0.205101113775719,8.16115932308058,17.1998871250435,0.978427155418904
666,0.190476,0.20481158547624,8.16548054718738,17.1966767498839,0.978436968217218
667,0.190762,0.204522030862891,8.16980685260576,17.1934749361506,0.978446792076327
668,0.191048,0.204232453290843,8.17413822212862,17.1902816928827,0.978456626957302
669,0.191334,0.203942856126759,8.17847463853566,17.1870970290854,0.978466472821186
670,0.19162,0.203653242748834,8.18281608459342,17.1839209537304,0.978476329628992
671,0.191906,0.203363616546831,8.18716254305541,17.1807534757553,0.978486197341706
672,0.192192,0.203073980922122,8.19151399666212,17.1775946040641,0.978496075920288
673,0.192478,0.202784339287729,8.19587042814111,17.1744443475268,0.978505965325667
674,0.192764,0.202494695068361,8.2002318202071,17.1713027149795,0.978515865518747
675,0.19305,0.202205051700452,8.20459815556198,17.1681697152243,0.978525776460404
676,0.193336,0.201915412632205,8.20896941689492,17.1650453570296,0.978535698111485
677,0.193622,0.201625781323622,8.21334558688244,17.1619296491298,0.978545630432812
678,0.193908,0.201336161246554,8.21772664818842,17.158822600225,0.978555573385181
679,0.194194,0.201046555884727,8.22211258346426,17.1557242189818,0.978565526929358
680,0.19448,0.200756968733792,8.22650337534885,17.1526345140323,0.978575491026084
681,0.194766,0.200467403301356,8.23089900646871,17.1495534939749,0.978585465636075
682,0.195052,0.200177863107021,8.23529945943803,17.1464811673738,0.978595450720019
683,0.195338,0.199888351682425,8.2397047168587,17.1434175427592,0.978605446238577
684,0.195624,0.199598872571278,8.24411476132046,17.140362628627,0.978615452152385
685,0.19591,0.199309429329399,8.24852957540086,17.1373164334391,0.978625468422055
686,0.196196,0.199020025524752,8.25294914166545,17.1342789656235,0.978635495008169
687,0.196482,0.198730664737489,8.25737344266773,17.1312502335735,0.978645531871289
688,0.196768,0.198441350559981,8.2618024609493,17.1282302456487,0.978655578971945
689,0.197054,0.198152086596857,8.26623617903987,17.1252190101743,0.978665636270648
690,0.19734,0.197862876465041,8.27067457945738,17.1222165354412,0.978675703727879
691,0.197626,0.197573723793788,8.27511764470802,17.1192228297062,0.978685781304098
692,0.197912,0.197284632224721,8.27956535728632,17.1162379011918,0.978695868959737
693,0.198198,0.196995605411866,8.28401769967521,17.113261758086,0.978705966655204
694,0.198484,0.196706647021685,8.2884746543461,17.110294408543,0.978716074350884
695,0.19877,0.196417760733117,8.29293620375893,17.1073358606821,0.978726192007137
696,0.199056,0.196128950237609,8.29740233036225,17.1043861225886,0.978736319584298
697,0.199342,0.195840219239151,8.30187301659328,17.1014452023134,0.978746457042679
698,0.199628,0.195551571454314,8.30634824487797,17.098513107873,0.978756604342566
699,0.199914,0.195263010612277,8.31082799763108,17.0955898472494,0.978766761444224
700,0.2002,0.194974540454869,8.31531225725625,17.0926754283903,0.978776928307894
701,0.200486,0.194686164736597,8.31980100614605,17.089769859209,0.97878710489379
702,0.200772,0.194397887224682,8.32429422668206,17.0868731475842,0.978797291162107
703,0.201058,0.194109711699088,8.32879190123494,17.0839853013601,0.978807487073016
704,0.201344,0.193821641952559,8.33329401216447,17.0811063283468,0.978817692586662
705,0.20163,0.19353368179065,8.33780054181967,17.0782362363193,0.978827907663171
706,0.201916,0.193245835031755,8.34231147253881,17.0753750330186,0.978838132262644
707,0.202202,0.192958105507142,8.34682678664952,17.0725227261508,0.97884836634516
708,0.202488,0.192670497060982,8.35134646646882,17.0696793233876,0.978858609870775
709,0.202774,0.192383013550381,8.35587049430322,17.0668448323662,0.978868862799525
710,0.20306,0.192095658845406,8.36039885244879,17.0640192606889,0.978879125091421
711,0.203346,0.19180843682912,8.36493152319117,17.0612026159238,0.978889396706454
712,0.203632,0.191521351397607,8.36946848880573,17.058394905604,0.978899677604592
713,0.203918,0.19123440646,8.37400973155755,17.0555961372282,0.978909967745782
714,0.204204,0.190947605938512,8.37855523370154,17.0528063182603,0.97892026708995
715,0.20449,0.19066095376846,8.38310497748247,17.0500254561295,0.978930575597
716,0.204776,0.190374453898296,8.3876589451351,17.0472535582305,0.978940893226814
717,0.205062,0.190088110289627,8.39221711888417,17.0444906319231,0.978951219939254
718,0.205348,0.189801926917249,8.39677948094452,17.0417366845324,0.978961555694162
719,0.205634,0.189515907769164,8.40134601352112,17.0389917233488,0.978971900451357
720,0.20592,0.189230056846609,8.4059166988092,17.0362557556279,0.978982254170639
721,0.206206,0.18894437816408,8.41049151899423,17.0335287885905,0.978992616811787
722,0.206492,0.188658875749354,8.41507045625207,17.0308108294227,0.979002988334561
723,0.206778,0.188373553643512,8.41965349274898,17.0281018852757,0.979013368698698
724,0.207064,0.188088415900961,8.42424061064171,17.0254019632659,0.979023757863919
725,0.20735,0.187803466589454,8.42883179207758,17.0227110704749,0.979034155789921
726,0.207636,0.187518709790112,8.43342701919451,17.0200292139494,0.979044562436384
727,0.207922,0.187234149597447,8.43802627412113,17.0173564007012,0.979054977762968
728,0.208208,0.186949790119372,8.44262953897683,17.0146926377073,0.979065401729314
729,0.208494,0.18666563547723,8.44723679587181,17.0120379319098,0.979075834295042
730,0.20878,0.186381689805804,8.45184802690718,17.0093922902158,0.979086275419754
731,0.209066,0.186097957253338,8.456463214175,17.0067557194974,0.979096725063035
732,0.209352,0.185814441981551,8.46108233975837,17.0041282265921,0.979107183184448
733,0.209638,0.185531148165651,8.46570538573148,17.001509818302,0.979117649743539
734,0.209924,0.185248079994353,8.47033233415968,16.9989005013945,0.979128124699835
735,0.21021,0.18496524166989,8.47496316709957,16.996300282602,0.979138608012846
736,0.210496,0.184682637408026,8.47959786659903,16.9937091686218,0.979149099642063
737,0.210782,0.184400271438066,8.48423641469731,16.9911271661162,0.979159599546959
738,0.211068,0.184118148002869,8.48887879342512,16.9885542817127,0.979170107686989
739,0.211354,0.183836271358859,8.49352498480463,16.9859905220033,0.97918062402159
740,0.21164,0.18355464577603,8.49817497084961,16.9834358935453,0.979191148510181
741,0.211926,0.183273275537954,8.50282873356547,16.980890402861,0.979201681112167
742,0.212212,0.182992164941792,8.50748625494931,16.9783540564373,0.979212221786931
743,0.212498,0.182711318298297,8.51214751699002,16.9758268607261,0.979222770493842
744,0.212784,0.182430739931816,8.51681250166832,16.9733088221445,0.979233327192252
745,0.21307,0.1821504341803,8.52148119095684,16.9707999470741,0.979243891841494
746,0.213356,0.181870405395299,8.5261535668202,16.9683002418614,0.979254464400887
747,0.213642,0.181590657941972,8.53082961121504,16.9658097128181,0.979265044829732
748,0.213928,0.181311196199077,8.53550930609014,16.9633283662203,0.979275633087314
749,0.214214,0.18103202455898,8.54019263338644,16.9608562083093,0.979286229132902
750,0.2145,0.180753147427646,8.54487957503714,16.958393245291,0.979296832925748
751,0.214786,0.180474569224637,8.54957011296776,16.9559394833361,0.97930744442509
752,0.215072,0.180196294383113,8.55426422909619,16.9534949285802,0.979318063590149
753,0.215358,0.179918327349815,8.55896190533278,16.9510595871237,0.979328690380131
754,0.215644,0.179640672585069,8.5636631235804,16.9486334650316,0.979339324754226
755,0.21593,0.17936333456277,8.5683678657345,16.9462165683338,0.979349966671609
756,0.216216,0.179086317770378,8.57307611368319,16.943808903025,0.97936061609144
757,0.216502,0.178809626708901,8.57778784930731,16.9414104750645,0.979371272972864
758,0.216788,0.178533265892884,8.58250305448049,16.9390212903764,0.979381937275012
759,0.217074,0.1782572398504,8.58722171106921,16.9366413548495,0.979392608956998
760,0.21736,0.177981553123027,8.59194380093287,16.9342706743373,0.979403287977925
761,0.217646,0.177706210265836,8.5966693059239,16.931909254658,0.979413974296878
762,0.217932,0.177431215847372,8.60139820788774,16.9295571015945,0.97942466787293
763,0.218218,0.177156574449629,8.60613048866301,16.9272142208943,0.979435368665141
764,0.218504,0.176882290668039,8.6108661300815,16.9248806182697,0.979446076632554
765,0.21879,0.176608369111435,8.61560511396828,16.9225562993975,0.9794567917342
766,0.219076,0.17633481440204,8.62034742214174,16.9202412699193,0.979467513929097
767,0.219362,0.17606163117543,8.62509303641368,16.9179355354412,0.979478243176248
768,0.219648,0.175788824080511,8.62984193858937,16.915639101534,0.979488979434645
769,0.219934,0.175516397779489,8.63459411046762,16.9133519737331,0.979499722663265
770,0.22022,0.175244356947838,8.63934953384085,16.9110741575384,0.979510472821072
771,0.220506,0.174972706274264,8.64410819049514,16.9088056584146,0.979521229867019
772,0.220792,0.174701450460675,8.64887006221031,16.9065464817908,0.979531993760044
773,0.221078,0.17443059422214,8.65363513076002,16.9042966330608,0.979542764459073
774,0.221364,0.174160142286853,8.65840337791177,16.9020561175829,0.979553541923022
775,0.22165,0.173890099396089,8.66317478542703,16.8998249406799,0.979564326110792
776,0.221936,0.173620470304166,8.66794933506127,16.8976031076394,0.979575116981273
777,0.222222,0.173351259778397,8.67272700856405,16.8953906237133,0.979585914493343
778,0.222508,0.173082472599044,8.67750778767907,16.893187494118,0.979596718605869
779,0.222794,0.17281411355927,8.68229165414427,16.8909937240347,0.979607529277706
780,0.22308,0.172546187465092,8.68707858969183,16.8888093186088,0.979618346467696
781,0.223366,0.17227869913532,8.69186857604834,16.8866342829504,0.979629170134672
782,0.223652,0.172011653401511,8.69666159493476,16.8844686221342,0.979640000237454
783,0.223938,0.171745055107908,8.70145762806658,16.882312341199,0.979650836734853
784,0.224224,0.171478909111381,8.70625665715381,16.8801654451485,0.979661679585668
785,0.22451,0.171213220281366,8.71105866390112,16.8780279389507,0.979672528748687
786,0.224796,0.170947993499805,8.71586363000784,16.8758998275381,0.979683384182688
787,0.225082,0.170683233661075,8.72067153716809,16.8737811158076,0.979694245846439
788,0.225368,0.170418945671923,8.72548236707079,16.8716718086206,0.979705113698696
789,0.225654,0.170155134451395,8.73029610139979,16.8695719108031,0.979715987698207
790,0.22594,0.169891804930765,8.73511272183387,16.8674814271452,0.97972686780371
791,0.226226,0.169628962053457,8.73993221004686,16.8654003624017,0.979737753973932
792,0.226512,0.16936661077497,8.7447545477077,16.8633287212919,0.97974864616759
793,0.226798,0.169104756062797,8.74957971648048,16.8612665084992,0.979759544343395
794,0.227084,0.168843402896344,8.75440769802453,16.8592137286717,0.979770448460044
795,0.22737,0.168582556266842,8.75923847399449,16.8571703864219,0.979781358476228
796,0.227656,0.168322221177261,8.76407202604037,16.8551364863265,0.979792274350628
797,0.227942,0.168062402642223,8.76890833580762,16.8531120329267,0.979803196041915
798,0.228228,0.167803105687902,8.7737473849372,16.8510970307282,0.979814123508755
799,0.228514,0.167544335351938,8.77858915506563,16.849091484201,0.979825056709801
800,0.2288,0.16728609668333,8.7834336278251,16.8470953977795,0.9798359956037
801,0.229086,0.16702839474234,8.78828078484349,16.8451087758623,0.97984694014909
802,0.229372,0.166771234600388,8.79313060774447,16.8431316228128,0.979857890304603
803,0.229658,0.166514621339947,8.79798307814755,16.8411639429582,0.97986884602886
804,0.229944,0.166258560054432,8.80283817766817,16.8392057405906,0.979879807280476
805,0.23023,0.166003055848086,8.80769588791773,16.8372570199662,0.979890774018057
806,0.230516,0.16574811383587,8.8125561905037,16.8353177853054,0.979901746200204
807,0.230802,0.165493739143341,8.81741906702966,16.8333880407932,0.979912723785508
808,0.231088,0.165239936906533,8.82228449909538,16.8314677905789,0.979923706732554
809,0.231374,0.164986712271829,8.82715246829688,16.8295570387761,0.979934694999921
810,0.23166,0.164734070395841,8.83202295622651,16.8276557894626,0.979945688546179
811,0.231946,0.164482016445273,8.83689594447301,16.8257640466808,0.979956687329894
812,0.232232,0.164230555596791,8.84177141462156,16.8238818144373,0.979967691309622
813,0.232518,0.163979693036885,8.84664934825389,16.8220090967029,0.979978700443915
814,0.232804,0.163729433961732,8.85152972694831,16.8201458974128,0.979989714691318
815,0.23309,0.163479783577051,8.85641253227979,16.8182922204666,0.980000734010371
816,0.233376,0.163230747097956,8.86129774582004,16.8164480697282,0.980011758359607
817,0.233662,0.162982329748808,8.86618534913755,16.8146134490257,0.980022787697552
818,0.233948,0.162734536763063,8.8710753237977,16.8127883621516,0.980033821982729
819,0.234234,0.162487373383113,8.87596765136277,16.8109728128626,0.980044861173654
820,0.23452,0.16224084486013,8.88086231339206,16.8091668048799,0.980055905228838
821,0.234806,0.1619949564539,8.88575929144195,16.8073703418886,0.980066954106785
822,0.235092,0.161749713432658,8.89065856706594,16.8055834275387,0.980078007765998
823,0.235378,0.16150512107292,8.89556012181471,16.8038060654438,0.980089066164972
824,0.235664,0.161261184659305,8.90046393723626,16.8020382591824,0.980100129262197
825,0.23595,0.161017909484361,8.9053699948759,16.8002800122969,0.98011119701616
826,0.236236,0.160775300848385,8.91027827627635,16.7985313282941,0.980122269385343
827,0.236522,0.160533364059236,8.91518876297781,16.7967922106451,0.980133346328224
828,0.236808,0.160292104432151,8.920101436518,16.7950626627853,0.980144427803276
829,0.237094,0.160051527289551,8.92501627843228,16.7933426881142,0.980155513768969
830,0.23738,0.159811637960843,8.92993327025368,16.791632289996,0.980166604183769
831,0.237666,0.159572441782228,8.93485239351296,16.7899314717586,0.980177699006138
832,0.237952,0.159333944096493,8.93977362973871,16.7882402366947,0.980188798194534
833,0.238238,0.159096150252804,8.94469696045738,16.7865585880609,0.980199901707413
834,0.238524,0.1588590656065,8.94962236719339,16.7848865290782,0.980211009503226
835,0.23881,0.158622695518874,8.95454983146916,16.783224062932,0.980222121540423
836,0.239096,0.158387045356957,8.9594793348052,16.7815711927718,0.98023323777745
837,0.239382,0.158152120493298,8.96441085872017,16.7799279217115,0.980244358172749
838,0.239668,0.157917926305733,8.96934438473093,16.778294252829,0.980255482684763
839,0.239954,0.15768446817716,8.97427989435267,16.7766701891669,0.980266611271927
840,0.24024,0.157451751495301,8.97921736909889,16.7750557337317,0.98027774389268
841,0.240526,0.157219781652469,8.98415679048152,16.7734508894942,0.980288880505454
842,0.240812,0.156988564045319,8.98909814001099,16.7718556593898,0.980300021068681
843,0.241098,0.156758104074608,8.99404139919628,16.7702700463178,0.980311165540791
844,0.241384,0.156528407144944,8.99898654954499,16.7686940531419,0.980322313880212
845,0.24167,0.156299478664527,9.00393357256342,16.76712768269,0.98033346604537
846,0.241956,0.156071324044897,9.00888244975661,16.7655709377545,0.980344621994692
847,0.242242,0.155843948700667,9.01383316262845,16.7640238210918,0.980355781686601
848,0.242528,0.15561735804926,9.01878569268169,16.7624863354228,0.980366945079519
849,0.242814,0.155391557510633,9.02374002141807,16.7609584834323,0.980378112131869
850,0.2431,0.155166552507005,9.02869613033835,16.7594402677699,0.980389282802072
851,0.243386,0.154942348462582,9.03365400094238,16.757931691049,0.980400457048548
852,0.243672,0.154718950803263,9.03861361472916,16.7564327558476,0.980411634829718
853,0.243958,0.154496364956363,9.04357495319695,16.7549434647078,0.980422816104
854,0.244244,0.154274596350313,9.04853799784328,16.753463820136,0.980434000829815
855,0.24453,0.15405365041437,9.05350273016505,16.7519938246028,0.980445188965582
856,0.244816,0.15383353257831,9.05846913165861,16.7505334805434,0.98045638046972
857,0.245102,0.153614248272129,9.06343718381978,16.7490827903569,0.980467575300649
858,0.245388,0.153395802925731,9.06840686814396,16.7476417564069,0.98047877341679
859,0.245674,0.153178201968613,9.07337816612619,16.7462103810213,0.980489974776562
860,0.24596,0.152961450829551,9.07835105926121,16.7447886664921,0.980501179338388
861,0.246246,0.152745554936274,9.0833255290435,16.7433766150758,0.98051238706069
862,0.246532,0.152530519715141,9.08830155696741,16.741974228993,0.980523597901892
863,0.246818,0.152316350590806,9.09327912452716,16.7405815104289,0.980534811820416
864,0.247104,0.152103052985889,9.09825821321698,16.7391984615326,0.980546028774691
865,0.24739,0.15189063232063,9.1032388045311,16.7378250844178,0.980557248723142
866,0.247676,0.151679094012549,9.10822087996385,16.7364613811624,0.980568471624199
867,0.247962,0.151468443476096,9.11320442100977,16.7351073538086,0.980579697436292
868,0.248248,0.1512586861223,9.11818940916359,16.733763004363,0.980590926117854
869,0.248534,0.151049827358413,9.12317582592037,16.7324283347964,0.980602157627319
870,0.24882,0.150841872587546,9.12816365277554,16.731103347044,0.980613391923125
871,0.249106,0.150634827208304,9.13315287122496,16.7297880430052,0.980624628963711
872,0.249392,0.15042869661442,9.13814346276501,16.7284824245438,0.980635868707518
873,0.249678,0.150223486194376,9.14313540889262,16.7271864934881,0.98064711111299
874,0.249964,0.150019201331029,9.14812869110538,16.7259002516305,0.980658356138575
875,0.25025,0.149815847401225,9.15312329090156,16.7246237007277,0.980669603742724
876,0.250536,0.149613429775414,9.15811918978023,16.723356842501,0.980680853883889
877,0.250822,0.149411953817259,9.16311636924129,16.7220996786359,0.980692106520527
878,0.251108,0.14921142488324,9.16811481078554,16.7208522107822,0.980703361611098
879,0.251394,0.149011848322257,9.17311449591476,16.7196144405542,0.980714619114065
880,0.25168,0.14881322947522,9.17811540613175,16.7183863695304,0.980725878987896
881,0.251966,0.148615573674651,9.18311752294046,16.7171679992537,0.980737141191061
882,0.252252,0.148418886244263,9.18812082784597,16.7159593312315,0.980748405682037
883,0.252538,0.14822317249855,9.19312530235461,16.7147603669354,0.980759672419302
884,0.252824,0.148028437742364,9.19813092797404,16.7135711078016,0.980770941361339
885,0.25311,0.147834687270492,9.20313768621326,16.7123915552304,0.980782212466637
886,0.253396,0.14764192636723,9.20814555858274,16.7112217105868,0.980793485693689
887,0.253682,0.147450160305946,9.21315452659443,16.7100615752,0.980804761000991
888,0.253968,0.147259394348649,9.21816457176188,16.7089111503637,0.980816038347047
889,0.254254,0.147069633745548,9.22317567560024,16.7077704373358,0.980827317690362
890,0.25454,0.146880883734607,9.22818781962642,16.706639437339,0.980838598989451
891,0.254826,0.146693149541099,9.23320098535905,16.70551815156,0.980849882202831
892,0.255112,0.146506436377153,9.23821515431864,16.7044065811503,0.980861167289026
893,0.255398,0.146320749441304,9.24323030802757,16.7033047272256,0.980872454206563
894,0.255684,0.146136093918029,9.24824642801023,16.7022125908661,0.98088374291398
895,0.25597,0.145952474977286,9.25326349579301,16.7011301731165,0.980895033369815
896,0.256256,0.145769897774053,9.25828149290443,16.7000574749858,0.980906325532616
897,0.256542,0.145588367447854,9.26330040087518,16.6989944974478,0.980917619360937
898,0.256828,0.145407889122287,9.26832020123817,16.6979412414404,0.980928914813336
899,0.257114,0.145228467904551,9.27334087552863,16.6968977078661,0.98094021184838
900,0.2574,0.145050108884965,9.27836240528415,16.695863897592,0.980951510424642
901,0.257686,0.144872817136485,9.28338477204476,16.6948398114496,0.980962810500701
902,0.257972,0.14469659771422,9.288407957353,16.6938254502349,0.980974112035144
903,0.258258,0.144521455654943,9.29343194275396,16.6928208147084,0.980985414986565
904,0.258544,0.144347395976596,9.29845670979538,16.6918259055951,0.980996719313564
905,0.25883,0.144174423677803,9.3034822400277,16.6908407235846,0.981008024974751
906,0.259116,0.144002543737365,9.30850851500412,16.6898652693309,0.98101933192874
907,0.259402,0.143831761113761,9.31353551628066,16.6888995434527,0.981030640134157
908,0.259688,0.143662080744649,9.31856322541627,16.6879435465332,0.981041949549632
909,0.259974,0.143493507546358,9.32359162397284,16.6869972791201,0.981053260133805
910,0.26026,0.143326046413377,9.32862069351531,16.6860607417257,0.981064571845324
911,0.260546,0.143159702217849,9.33365041561169,16.6851339348268,0.981075884642845
912,0.260832,0.142994479809055,9.33868077183318,16.6842168588649,0.981087198485033
913,0.261118,0.1428303840129,9.34371174375418,16.6833095142461,0.981098513330561
914,0.261404,0.142667419631393,9.34874331295242,16.682411901341,0.98110982913811
915,0.26169,0.142505591442132,9.35377546100895,16.6815240204849,0.981121145866373
916,0.261976,0.142344904197776,9.35880816950828,16.6806458719775,0.981132463474048
917,0.262262,0.14218536262553,9.36384142003839,16.6797774560835,0.981143781919844
918,0.262548,0.142026971426609,9.36887519419083,16.6789187730321,0.981155101162481
919,0.262834,0.141869735275721,9.37390947356076,16.6780698230168,0.981166421160686
920,0.26312,0.141713658820531,9.37894423974703,16.6772306061964,0.981177741873196
921,0.263406,0.141558746681137,9.38397947435226,16.6764011226937,0.98118906325876
922,0.263692,0.141405003449532,9.38901515898288,16.6755813725968,0.981200385276134
923,0.263978,0.141252433689077,9.3940512752492,16.674771355958,0.981211707884086
924,0.264264,0.141101041933965,9.39908780476547,16.6739710727945,0.981223031041394
925,0.26455,0.140950832688686,9.40412472914999,16.6731805230883,0.981234354706845
926,0.264836,0.140801810427489,9.40916203002511,16.672399706786,0.981245678839237
927,0.265122,0.14065397959385,9.41419968901734,16.6716286237989,0.981257003397381
928,0.265408,0.140507344599933,9.41923768775741,16.6708672740031,0.981268328340096
929,0.265694,0.140361909826049,9.42427600788031,16.6701156572394,0.981279653626213
930,0.26598,0.140217679620123,9.42931463102538,16.6693737733136,0.981290979214573
931,0.266266,0.140074658297153,9.43435353883637,16.668641621996,0.981302305064032
932,0.266552,0.139932850138671,9.4393927129615,16.6679192030216,0.981313631133451
933,0.266838,0.139792259392205,9.44443213505355,16.6672065160907,0.981324957381709
934,0.267124,0.13965289027074,9.44947178676986,16.6665035608678,0.981336283767694
935,0.26741,0.139514746952182,9.45451164977247,16.6658103369827,0.981347610250304
936,0.267696,0.139377833578817,9.45955170572816,16.6651268440298,0.981358936788451
937,0.267982,0.139242154256776,9.46459193630848,16.6644530815683,0.98137026334106
938,0.268268,0.139107713055498,9.46963232318987,16.6637890491225,0.981381589867067
939,0.268554,0.138974514007194,9.47467284805369,16.6631347461813,0.981392916325419
940,0.26884,0.13884256110631,9.47971349258628,16.6624901721986,0.981404242675078
941,0.269126,0.138711858308997,9.48475423847906,16.6618553265933,0.981415568875018
942,0.269412,0.138582409532576,9.48979506742857,16.661230208749,0.981426894884226
943,0.269698,0.138454218655009,9.49483596113653,16.6606148180144,0.9814382206617
944,0.269984,0.138327289514368,9.49987690130991,16.6600091537031,0.981449546166455
945,0.27027,0.138201625908304,9.50491786966101,16.6594132150935,0.981460871357515
946,0.270556,0.138077231593529,9.5099588479075,16.6588270014291,0.98147219619392
947,0.270842,0.137954110285283,9.51499981777251,16.6582505119184,0.981483520634723
948,0.271128,0.137832265656819,9.52004076098468,16.6576837457348,0.981494844638992
949,0.271414,0.137711701338881,9.52508165927822,16.6571267020167,0.981506168165805
950,0.2717,0.137592420919184,9.53012249439297,16.6565793798675,0.98151749117426
951,0.271986,0.137474427941906,9.5351632480745,16.6560417783558,0.981528813623462
952,0.272272,0.137357725907168,9.54020390207414,16.6555138965151,0.981540135472537
953,0.272558,0.137242318270534,9.54524443814905,16.6549957333439,0.981551456680622
954,0.272844,0.137128208442498,9.55028483806229,16.6544872878058,0.981562777206868
955,0.27313,0.137015399787987,9.55532508358289,16.6539885588296,0.981574097010442
956,0.273416,0.136903895625856,9.5603651564859,16.653499545309,0.981585416050526
957,0.273702,0.136793699228398,9.56540503855246,16.6530202461031,0.981596734286316
958,0.273988,0.136684813820852,9.57044471156986,16.6525506600359,0.981608051677024
959,0.274274,0.13657724258091,9.57548415733164,16.6520907858966,0.981619368181878
960,0.27456,0.136470988638236,9.58052335763759,16.6516406224395,0.981630683760121
961,0.274846,0.136366055073991,9.58556229429386,16.6512001683841,0.981641998371009
962,0.275132,0.136262444920348,9.59060094911303,16.6507694224153,0.981653311973817
963,0.275418,0.136160161160031,9.59563930391413,16.6503483831828,0.981664624527834
964,0.275704,0.136059206725841,9.60067734052274,16.6499370493019,0.981675935992367
965,0.27599,0.135959584500199,9.60571504077105,16.6495354193528,0.981687246326737
966,0.276276,0.135861297314691,9.6107523864979,16.6491434918813,0.981698555490283
967,0.276562,0.13576434794961,9.61578935954889,16.6487612653982,0.981709863442358
968,0.276848,0.13566873913352,9.6208259417764,16.6483887383796,0.981721170142335
969,0.277134,0.135574473542804,9.62586211503966,16.648025909267,0.981732475549601
970,0.27742,0.135481553801241,9.63089786120483,16.6476727764672,0.98174377962356
971,0.277706,0.135389982479568,9.63593316214508,16.6473293383523,0.981755082323635
972,0.277992,0.135299762095062,9.64096799974059,16.6469955932597,0.981766383609265
973,0.278278,0.135210895111118,9.64600235587869,16.6466715394922,0.981777683439906
974,0.278564,0.135123383936846,9.65103621245387,16.646357175318,0.981788981775031
975,0.27885,0.135037230926657,9.65606955136785,16.6460524989706,0.981800278574132
976,0.279136,0.134952438379874,9.66110235452967,16.6457575086491,0.981811573796718
977,0.279422,0.134869008540332,9.66613460385575,16.6454722025179,0.981822867402316
978,0.279708,0.134786943596003,9.67116628126991,16.6451965787067,0.981834159350469
979,0.279994,0.134706245678608,9.67619736870349,16.6449306353109,0.981845449600743
980,0.28028,0.134626916863257,9.68122784809538,16.6446743703914,0.981856738112716
981,0.280566,0.134548959168078,9.68625770139208,16.6444277819744,0.98186802484599
982,0.280852,0.134472374553865,9.6912869105478,16.6441908680516,0.981879309760183
983,0.281138,0.134397164923727,9.69631545752446,16.6439636265806,0.981890592814931
984,0.281424,0.134323332122752,9.70134332429182,16.643746055484,0.98190187396989
985,0.28171,0.13425087793767,9.70637049282751,16.6435381526505,0.981913153184735
986,0.281996,0.134179804096527,9.71139694511709,16.6433399159339,0.98192443041916
987,0.282282,0.134110112268374,9.71642266315411,16.643151343154,0.981935705632878
988,0.282568,0.134041804062952,9.72144762894021,16.6429724320961,0.981946978785622
989,0.282854,0.133974881030393,9.72647182448511,16.642803180511,0.981958249837144
990,0.28314,0.133909344660932,9.73149523180677,16.6426435861153,0.981969518747215
991,0.283426,0.133845196384618,9.73651783293136,16.6424936465912,0.981980785475627
992,0.283712,0.133782437571041,9.74153960989338,16.6423533595867,0.981992049982192
993,0.283998,0.133721069529067,9.74656054473571,16.6422227227153,0.982003312226742
994,0.284284,0.133661093506581,9.75158061950965,16.6421017335566,0.982014572169128
995,0.28457,0.133602510690235,9.75659981627503,16.6419903896556,0.982025829769223
996,0.284856,0.133545322205212,9.76161811710021,16.6418886885233,0.982037084986919
997,0.285142,0.133489529114995,9.7666355040622,16.6417966276362,0.982048337782131
998,0.285428,0.133435132421145,9.77165195924668,16.641714204437,0.982059588114793
999,0.285714,0.133382133063092,9.77666746474811,16.641641416334,0.982070835944859
1000,0.286,0.133330531917931,9.78168200266973,16.6415782607013,0.982082081232307
1003,0.286858,0.133184125591741,9.79671963212177,16.6414465618553,0.982115801439019
1006,0.287716,0.133050328734288,9.81174790993173,16.6414014574388,0.982149497323365
1009,0.288574,0.132929154825238,9.82676635435203,16.6414428710344,0.982183167808203
1012,0.289432,0.132820612193571,9.84177448438912,16.6415707234712,0.98221681181819
1015,0.29029,0.132724703992438,9.8567718198185,16.6417849328307,0.982250428279814
1019,0.291434,0.132616475673562,9.8767506468979,16.6422047315774,0.982295205523678
1022,0.292292,0.132550030881066,9.89172093180158,16.6426201064522,0.98232875354155
1025,0.29315,0.132496193478068,9.90667882709538,16.6431215454067,0.982362270446334
1028,0.294008,0.13245494408186,9.92162385605984,16.6437089546744,0.982395755172833
1031,0.294866,0.132426258127167,9.93655554282395,16.6443822377694,0.982429206657861
1034,0.295724,0.132410105888931,9.95147341237986,16.6451412954914,0.982462623840271
1038,0.296868,0.132408005486943,9.9713415923306,16.6462866231241,0.982507124893662
1041,0.297726,0.132420954247491,9.98622537944038,16.6472454206612,0.982540457921655
1044,0.298584,0.132446300820326,10.0010937724054,16.6482896426301,0.982573753125031
1047,0.299442,0.13248399356588,10.0159463001278,16.6494191781364,0.982607009451862
1050,0.3003,0.132533975930493,10.030782492451,16.6506339136029,0.982640225852436
1054,0.301444,0.132619629457124,10.0505378607692,16.6523858928454,0.982684450468914
1057,0.302302,0.132698040588671,10.0653341141696,16.6537989715056,0.982717569638681
1060,0.30316,0.132788518260547,10.0801124719652,16.6552968522383,0.982750645399552
1063,0.304018,0.132890985494742,10.094872468245,16.6568794099126,0.982783676711778
1067,0.305162,0.133046117482748,10.1145230975556,16.659120985263,0.982827647526455
1070,0.30602,0.133176236035628,10.1292384441659,16.6609006209776,0.982860571095175
1073,0.306878,0.133318055785351,10.1439338836544,16.6627644974336,0.98289344676683
1077,0.308022,0.133525184772886,10.1634960390168,16.6653804707821,0.982937204710682
1080,0.30888,0.133693928488958,10.1781432360987,16.6674403733606,0.982969964624499
1083,0.309738,0.133874039230255,10.1927689922889,16.6695840512912,0.983002673220496
1086,0.310596,0.134065408463467,10.2073728498423,16.6718113593031,0.983035329478016
1090,0.31174,0.134337886338103,10.2268098063127,16.6749109386097,0.98307878798012
1093,0.312598,0.134555083334036,10.2413607932775,16.6773328039617,0.983111318160106
1097,0.313742,0.13486156926921,10.2607256056718,16.6806912396625,0.983154604880989
1100,0.3146,0.135103940836095,10.2752212506353,16.6833068244726,0.98318700347488
1103,0.315458,0.135356891748494,10.2896924247473,16.6860051673214,0.983219343997054
1107,0.316602,0.135710391272692,10.3089484802298,16.6897314113743,0.983262372627062
1110,0.31746,0.135987517041464,10.3233608078805,16.6926222201742,0.983294573754543
1114,0.318604,0.13637276081395,10.342536776062,16.6966044794596,0.983337412904323
1117,0.319462,0.136673320701721,10.3568878229802,16.6996868374936,0.983369469214878
1120,0.32032,0.13698368969212,10.3712118654885,16.702850999473,0.983401461810325
1124,0.321464,0.13741252533547,10.3902678166526,16.7071968267853,0.983444017787833
1127,0.322322,0.137745220933007,10.404527128719,16.7105511728286,0.983475857884836
1131,0.323466,0.13820329265892,10.4234951734535,16.7151499211151,0.983518206971148
1134,0.324324,0.138557510723273,10.4376873603034,16.7186934570294,0.983549889239032
1138,0.325468,0.139043732890465,10.4565643168044,16.7235437796678,0.983592024352569
1141,0.326326,0.139418650027075,10.4706870005991,16.7272754797707,0.983623543499845
1145,0.32747,0.139931913892871,10.4894697099018,16.732375988317,0.983665457611857
1148,0.328328,0.140326691273722,10.5035205301241,16.7362947956847,0.983696808387087
1152,0.329472,0.140865869983577,10.5222058566152,16.7416440602077,0.983738494522783
1155,0.33033,0.141279657003993,10.5361824704529,16.745748886928,0.983769671715422
1159,0.331474,0.141843610344587,10.554767302378,16.7513454363501,0.983811122955101
1162,0.332332,0.142275548090739,10.5686673851018,16.7556351637806,0.983842121396341
1166,0.333476,0.142863126976706,10.587148635068,16.7614774862248,0.983883330876501
1170,0.33462,0.143463688295389,10.6055693187131,16.7674595560144,0.983924399148799
1173,0.335478,0.143922402155837,10.6193444858789,16.7720375084001,0.983955106354535
1177,0.336622,0.144544775381423,10.6376567863604,16.7782628938279,0.983995922198
1180,0.33748,0.145019415361351,10.6513495301821,16.7830227311599,0.984026437558527
1184,0.338624,0.145662447133858,10.6695504250184,16.7894898170773,0.984066994259196
1188,0.339768,0.146316767633442,10.6876863124821,16.7960942771726,0.984107399886907
1191,0.340626,0.146814691317867,10.7012449811991,16.8011374448955,0.98413760366544
1195,0.34177,0.14748786863699,10.7192647663411,16.8079809877166,0.984177739721613
1199,0.342914,0.148171310900008,10.7372168791015,16.8149603812816,0.98421771878878
1202,0.343772,0.14869040715972,10.7506359762052,16.8202837373719,0.984247598783632
1206,0.344916,0.149390927633714,10.768467356287,16.8274994998131,0.984287298002935
1210,0.34606,0.150100705401533,10.7862284373946,16.8348495350853,0.984326834405426
1214,0.347204,0.150819379060705,10.8039182741289,16.8423332560642,0.984366205894227
1217,0.348062,0.151364006524394,10.8171383318103,16.8480334208764,0.98439562503162
1221,0.349206,0.152097387556856,10.8347012318851,16.8557496579042,0.984434702912222
1225,0.35035,0.152838686758309,10.8521903150262,16.8635979298432,0.984473610175296
1229,0.351494,0.153587554990923,10.8696046558221,16.8715776233674,0.984512344769787
1232,0.352352,0.154153965373915,10.8826158081303,16.8776482660887,0.984541281175092
1236,0.353496,0.154915250382647,10.8998971394475,16.8858564508916,0.984579708701788
1240,0.35464,0.155683163563232,10.9171012117426,16.8941943352725,0.984617957984116
1244,0.355784,0.156457370158414,10.9342271202547,16.9026612803205,0.984656027018316
1248,0.356928,0.157237539508774,10.9512739658394,16.9112566404087,0.984693913813481
1251,0.357786,0.157826383025087,10.9640066772822,16.9177870406966,0.984722208125134
1255,0.35893,0.158616204176948,10.9809130162329,16.9266055535269,0.984759771250381
1259,0.360074,0.159411100567553,10.9977378489383,16.9355506716655,0.984797146728679
1263,0.361218,0.160210757585492,11.0144802977166,16.9446217247078,0.984834332618203
1267,0.362362,0.161014865032148,11.0311394907149,16.9538180357518,0.984871326990445
1271,0.363506,0.161823117159445,11.0477145619524,16.9631389214456,0.984908127930313
1275,0.36465,0.162635212698991,11.0642046513636,16.9725836920343,0.984944733536228
1279,0.365794,0.163450854883168,11.0806089048413,16.9821516514079,0.984981141920211
1283,0.366938,0.164269751458714,11.0969264742786,16.9918420971496,0.985017351207985
1286,0.367796,0.164885886325726,11.1091072581723,16.9991898870559,0.985044376397206
1290,0.36894,0.16570978845017,11.1252711079798,17.0090929749524,0.98508023279816
1294,0.370084,0.166536164577606,11.1413459727344,17.0191165854441,0.985115885020018
1298,0.371228,0.167364739391117,11.1573310272015,17.0292599928948,0.985151331240681
1302,0.372372,0.168195242065575,11.173225452343,17.039522465593,0.98518656965218
1306,0.373516,0.169027406247562,11.189028435357,17.049903265802,0.985221598460759
1310,0.37466,0.169860970030912,11.2047391697176,17.0604016498097,0.985256415886969
1314,0.375804,0.170695675928257,11.2203568552143,17.0710168679787,0.985291020165744
1318,0.376948,0.171531270838954,11.2358806979902,17.0817481647974,0.985325409546495
1323,0.378378,0.172576636109606,11.2551523360934,17.0953243610244,0.985368091428747
1327,0.379522,0.173413328377562,11.2704621633817,17.1063140423826,0.985401990963892
1331,0.380666,0.174250116930618,11.2856756122591,17.1174173070224,0.985435670012567
1335,0.38181,0.175086766883515,11.3007919162969,17.1286333750357,0.985469126886623
1339,0.382954,0.17592304752266,11.3158103156174,17.1399614609101,0.985502359912815
1343,0.384098,0.17675873225845,11.3307300569303,17.1514007735805,0.985535367432883
1347,0.385242,0.177593598576044,11.345550393568,17.1629505164824,0.985568147803627
1351,0.386386,0.178427427984818,11.3602705855212,17.174609887604,0.985600699396989
1355,0.38753,0.179260005966689,11.3748898994741,17.1863780795397,0.985633020600126
1360,0.38896,0.180298648160758,11.3930210759586,17.2012401100566,0.985673095685484
1364,0.390104,0.181127646317981,11.4074107681265,17.2132501691705,0.985704892692976
1368,0.391248,0.181954722659236,11.421697245656,17.2253663884235,0.985736454174487
1372,0.392392,0.182779678954774,11.4358798040567,17.2375879380829,0.985767778582666
1376,0.393536,0.183602320664621,11.4499577457079,17.2499139833044,0.985798864385763
1381,0.394966,0.184627077425411,11.46740700386,17.2654672067011,0.985837383793084
1385,0.39611,0.185443818769072,11.4812470429483,17.2780252884325,0.985867927215564
1389,0.397254,0.186257638090698,11.4949802458478,17.2906851178408,0.98589822716335
1393,0.398398,0.187068355919315,11.5086059444867,17.3034458389685,0.985928282171763
1398,0.399828,0.188077123820318,11.5254858835411,17.3195373075592,0.985965504280767
1402,0.400972,0.188880224633734,11.5388672914372,17.332521880571,0.985995002903102
1406,0.402116,0.189679663890516,11.5521390725699,17.3456045304221,0.986024251936384
1411,0.403546,0.190673562250264,11.5685736651165,17.362094428218,0.986060460117561
1415,0.40469,0.191464163156743,11.5815964643437,17.3753945408524,0.986089142494525
1419,0.405834,0.192250576544404,11.5945075896024,17.3887898664264,0.986117570803477
1424,0.407264,0.193227468353007,11.6104885190261,17.4056665591505,0.986152746861395
1428,0.408408,0.194003896767432,11.6231461417276,17.4192728502929,0.986180598630274
1433,0.409838,0.194967832277582,11.6388082875258,17.4364104079114,0.986215049851163
1437,0.410982,0.195733523603274,11.6512093789821,17.4502231055251,0.986242318466166
1441,0.412126,0.196494210061085,11.6634955061694,17.4641260632631,0.986269325828062
1446,0.413556,0.197437818080326,11.6786906222428,17.4816302955391,0.986302715736773
1450,0.4147,0.19818673843679,11.6907159908163,17.4957329896052,0.986329130725292
1455,0.41613,0.199115212792498,11.7055833810758,17.5134839776125,0.986361776294879
1459,0.417274,0.199851692702244,11.7173451673319,17.5277817336022,0.986387592760272
1464,0.418704,0.200764209268044,11.7318813551309,17.5457736062321,0.986419486423428
1468,0.419848,0.201487604206924,11.74337682028,17.5602617051371,0.986444698408055
1473,0.421278,0.202383375446904,11.757578435477,17.5784885364648,0.986475832838385
1477,0.422422,0.203093069626084,11.7688049262177,17.5931622161767,0.986500434577946
1482,0.423852,0.203971343268038,11.7826687058779,17.6116180273466,0.986530802691471
1486,0.424996,0.204666748597089,11.7936236549444,17.62647248417,0.986554788616172
1491,0.426426,0.205526806366913,11.8071464440073,17.645151245292,0.986584383572749
1495,0.42757,0.206207361465607,11.8178273706906,17.6601816354654,0.986607748308414
1500,0.429,0.207048517882159,11.8310061226046,17.6790772675209,0.986636563513086
1505,0.43043,0.207878889045347,11.8439924664958,17.6980907392349,0.98666494276325
1509,0.431574,0.208535288369636,11.8542424105698,17.7133850855021,0.986687330986475
1514,0.433004,0.209345754376597,11.8668801953145,17.7326058787627,0.98671492071623
1519,0.434434,0.210144897911574,11.8793231335825,17.7519391761936,0.986742069231095
1523,0.435578,0.210775937925844,11.8891366329962,17.7674855273728,0.986763469158799
1528,0.437008,0.211554245060465,11.9012267562291,17.7870164899714,0.986789818985529
1533,0.438438,0.212320731759559,11.9131197429136,17.8066545638355,0.986815722671888
1537,0.439582,0.212925296873029,11.9224916679832,17.8224408401337,0.986836123271161
1542,0.441012,0.21367008477305,11.934027851756,17.8422668230904,0.986861219706417
1547,0.442442,0.214402591552089,11.9453647582925,17.8621944710559,0.986885865412817
1552,0.443872,0.215122661363796,11.9565016594373,17.882221826786,0.986910058833644
1556,0.445016,0.215689660707166,11.965266699411,17.8983141817953,0.986929086906219
1561,0.446446,0.21638696538318,11.9760418172278,17.9185160599032,0.986952462428339
1566,0.447876,0.217071420127171,11.9866149931062,17.9388121336509,0.986975381536649
1571,0.449306,0.217742885588023,11.9969855720568,17.9592004236194,0.98699784283933
1576,0.450736,0.21840122658496,12.0071529184214,17.979678945004,0.987019844988119
1581,0.452166,0.219046312040786,12.0171164159014,18.0002457078022,0.987041386678355
1585,0.45331,0.219552750912035,12.0249400409118,18.0167613113737,0.987058287651527
1590,0.45474,0.220173658931587,12.0345351192254,18.0374818780386,0.987078997368021
1595,0.45617,0.220780965682448,12.0439247262339,18.0582850880582,0.98709924320534
1600,0.4576,0.22137455510863,12.0531083194353,18.0791689333944,0.987119024024981
1605,0.45903,0.221954314965576,12.0620853757994,18.1001314017148,0.98713833873226
1610,0.46046,0.222520136764785,12.0708553917863,18.1211704765822,0.987157186276353
1615,0.46189,0.223071915720222,12.0794178833629,18.1422841376425,0.987175565650323
1620,0.46332,0.223609550696424,12.0877723860172,18.1634703608144,0.987193475891145
1625,0.46475,0.224132944158267,12.0959184547714,18.1847271184777,0.987210916079725
1630,0.46618,0.224642002122344,12.1038556641926,18.2060523796625,0.987227885340924
1635,0.46761,0.225136634109889,12.1115836084026,18.2274441102382,0.987244382843563
1640,0.46904,0.225616753101204,12.1191019010847,18.2489002731025,0.987260407800441
1645,0.47047,0.226082275491552,12.1264101754897,18.2704188283701,0.987275959468332
1650,0.4719,0.226533121048452,12.1335080844399,18.2919977335619,0.987291037147992
1655,0.47333,0.226969212870335,12.140395300331,18.3136349437938,0.987305640184157
1660,0.47476,0.227390477346529,12.1470715151324,18.3353284119653,0.987319767965531
1665,0.47619,0.227796844118517,12.1535364403862,18.3570760889487,0.987333419924782
1670,0.47762,0.228188246042428,12.1597898072033,18.3788759237773,0.98734659553852
1676,0.479336,0.228638084909861,12.1670142405752,18.4051016837374,0.987361776826943
1681,0.480766,0.228996343432537,12.172801328745,18.4270090385684,0.987373902854675
1686,0.482196,0.229339443433627,12.1783761294693,18.4489619779891,0.987385551157135
1691,0.483626,0.229667330887548,12.1837384559747,18.4709584453666,0.987396721395261
1696,0.485056,0.229979954806784,12.1888881410121,18.4929963832078,0.987407413273802
1701,0.486486,0.230277267211216,12.1938250368423,18.5150737333471,0.987417626541273
1707,0.488202,0.230613767741498,12.1994682508874,18.5416156791442,0.987429250406174
1712,0.489632,0.230877240554974,12.2039365864607,18.5637724894818,0.987438410059472
1717,0.491062,0.231125268187075,12.2081917909725,18.5859621236491,0.987447090590547
1722,0.492492,0.231357814975322,12.2122337984322,18.6081825226993,0.98745529193123
1728,0.494208,0.23161639042574,12.216802723052,18.6348847126615,0.987464500977058
1733,0.495638,0.231814767897465,12.2203755603177,18.6571655487112,0.987471648073207
1738,0.497068,0.231997569522471,12.2237351196611,18.6794705639413,0.987478316052844
1744,0.498784,0.232196338035869,12.2274850869863,18.7062656033394,0.98748568535831
1749,0.500214,0.232344792902658,12.2303755160927,18.7286165756229,0.987491299744096
1755,0.50193,0.232502289510995,12.233562665016,18.75546079719,0.987497405277272
1760,0.50336,0.232616311665598,12.235984243346,18.777847786294,0.987501967080954
1765,0.50479,0.232714661977805,12.2381928553916,18.8002478650841,0.987506050896548
1771,0.506506,0.232811982850216,12.2405622434254,18.827142353969,0.987510321021814
1776,0.507936,0.232875826700772,12.2423027758576,18.8495640225141,0.987513354543336
1782,0.509652,0.232931726105395,12.24411090665,18.8764784808635,0.987516365528501
1787,0.511082,0.232961047409059,12.2453841390783,18.8989118482365,0.987518350887148
1793,0.512798,0.232975522740281,12.2466320695685,18.9258344227958,0.987520105561234
1798,0.514228,0.232970333144489,12.2474389836931,18.9482696255277,0.987521045340233
1804,0.515944,0.232943414845208,12.248128012684,18.9751884985331,0.987521547073159
1809,0.517374,0.23290375335289,12.2484697912005,18.997615704842,0.987521444305152
1815,0.51909,0.232835504479818,12.2486014579939,19.0245190990797,0.987520697004472
1820,0.52052,0.232761437101779,12.2484794834131,19.0469285130727,0.987519555168708
1826,0.522236,0.232651952925471,12.2480555663425,19.0738046969031,0.987517563276132
1832,0.523952,0.232520028324305,12.2473294380641,19.1006611118331,0.987514894577237
1837,0.525382,0.232392979999407,12.2464939345918,19.1230238550935,0.987512154783159
1843,0.527098,0.232220029852237,12.2452154372735,19.1498350301247,0.987508249398804
1849,0.528814,0.23202477419605,12.2436366357484,19.1766166385353,0.987503671863381
1854,0.530244,0.23184506342561,12.2420921057334,19.1989095783711,0.987499345101866
1860,0.53196,0.231609066852239,12.2399647108915,19.2256280563724,0.987493540039594
1866,0.533676,0.231350940232183,12.237539222976,19.2523072507653,0.987487068160255
1871,0.535106,0.231118981260138,12.2352908868312,19.2745074450916,0.987481167024729
1877,0.536822,0.230820472198629,12.2323211354222,19.3011057755348,0.987473478013391
1883,0.538538,0.230500048587858,12.229055802347,19.3276551958586,0.987465128188711
1889,0.540254,0.230157795963304,12.2254958449076,19.3541523318745,0.987456119827756
1895,0.54197,0.229793804779116,12.2216422571049,19.3805938222796,0.987446455289376
1900,0.5434,0.229473941597609,12.2182073753289,19.4025834747253,0.987437902018779
1906,0.545116,0.229070347584895,12.213818167838,19.4289142625511,0.98742704088448
1912,0.546832,0.22864529789304,12.2091383438845,19.4551799546703,0.98741553069626
1918,0.548548,0.228198901713474,12.2041690362969,19.4813772429974,0.987403374122162
1924,0.550264,0.227731273101929,12.1989114136165,19.5075028343152,0.987390573909726
1930,0.55198,0.227242530971597,12.1933666798807,19.5335534506778,0.987377132885482
1936,0.553696,0.226732799087841,12.1875360744018,19.5595258298102,0.987363053954444
1942,0.555412,0.226202206064494,12.1814208715428,19.585416725506,0.987348340099585
1948,0.557128,0.225650885361761,12.1750223804873,19.6112229080216,0.987332994381312
1954,0.558844,0.225078975285778,12.168341945007,19.6369411644674,0.987317019936925
1960,0.56056,0.224486618989837,12.1613809432233,19.6625682991972,0.987300419980072
1966,0.562276,0.223873964477343,12.1541407873669,19.6881011341934,0.987283197800191
1972,0.563992,0.223241164606524,12.1466229235314,19.7135365094499,0.987265356761945
1978,0.565708,0.222588377096946,12.1388288314245,19.7388712833517,0.987246900304649
1984,0.567424,0.221915764537885,12.130760024114,19.7641023330516,0.987227831941685
1990,0.56914,0.221223494398606,12.1224180477711,19.7892265548436,0.987208155259912
1996,0.570856,0.220511739040597,12.1138044814089,19.8142408645334,0.987187873919068
2002,0.572572,0.219780675731825,12.1049209366174,19.8391421978052,0.987166991651159
2008,0.574288,0.219030486663078,12.0957690572949,19.8639275105858,0.987145512259844
2015,0.57629,0.218131343176812,12.0847549573599,19.8926930393555,0.987119703445493
2021,0.578006,0.217340363549568,12.075027478294,19.9172166302058,0.987096943672999
2027,0.579722,0.216530867800524,12.0650370804017,19.9416146986202,0.987073599287573
2033,0.581438,0.215703058856802,12.0547855392247,19.9658842887122,0.987049674384608
2040,0.58344,0.214714413648257,12.0424977633889,19.9940325153843,0.987021033846766
2046,0.585156,0.213847646339993,12.0316866494954,20.0180137010726,0.986995865529946
2052,0.586872,0.212963241859762,12.0206202170735,20.0418571953546,0.986970130111983
2058,0.588588,0.212061424362871,12.0093003683172,20.0655601365433,0.986943831968576
2065,0.59059,0.210987602091309,11.9957761668955,20.0930321392838,0.986912445507494
2071,0.592306,0.210048850151691,11.9839139157303,20.116420843897,0.986884943447902
2078,0.594308,0.20893258930393,11.9697623326502,20.143518572502,0.986852164869433
2084,0.596024,0.207958033116585,11.9573670438458,20.1665799611917,0.986823480396751
2090,0.59774,0.206967348140017,11.9447289765804,20.1894859388362,0.986794257625005
2097,0.599742,0.205791508255522,11.9296805023753,20.2160095463603,0.986759490419748
2103,0.601458,0.204766769359129,11.9165236032749,20.2385695456261,0.986729117808191
2110,0.60346,0.203551930752695,11.9008756571894,20.2646822121939,0.986693022481476
2116,0.605176,0.202494404748499,11.8872099909742,20.2868837840246,0.986661523078104
2123,0.607178,0.201242078943686,11.8709744748542,20.3125711409305,0.986624126871241
2129,0.608894,0.200153090591035,11.8568103781877,20.3344021038996,0.986591524323389
2136,0.610896,0.198864857675344,11.8399995068611,20.3596500984374,0.986552855167162
2142,0.612612,0.197745791372943,11.8253475809705,20.3810985451558,0.986519173704714
2149,0.614614,0.196423302090118,11.8079738735594,20.4058934479828,0.98647926019962
2156,0.616616,0.195083076293029,11.7903023899115,20.430438807191,0.986438688735378
2162,0.618332,0.193920581865718,11.774921247805,20.451276163587,0.986403396014074
2169,0.620334,0.19254878274962,11.75670676204,20.4753479568041,0.98636162546307
2175,0.62205,0.191360005941714,11.7408658383337,20.4957738429495,0.986325317833284
2182,0.624052,0.189958474742195,11.7221216019776,20.5193591932007,0.986282378405072
2189,0.626054,0.188541724568951,11.7030976999373,20.5426774005262,0.986238822304432
2196,0.628056,0.187110325371575,11.6837980949095,20.5657248870625,0.986194658554566
2202,0.629772,0.185872194026312,11.6670391727408,20.5852617323829,0.986156327177417
2209,0.631774,0.18441514689143,11.6472381991196,20.6077971493008,0.986111059177205
2216,0.633776,0.182945153013587,11.6271730655872,20.6300519307724,0.986065209792104
2223,0.635778,0.181462835056392,11.6068478871005,20.652022715957,0.986018788378281
2230,0.63778,0.179968830176909,11.5862668161343,20.6737062014631,0.985971804373794
2236,0.639496,0.17867944656293,11.5684254031321,20.6920609173859,0.985931091806466
2243,0.641498,0.177165478800951,11.5473802446413,20.7132022801303,0.985883088302176
2250,0.6435,0.175641727799584,11.5260912573213,20.734047225599,0.985834549607824
2257,0.645502,0.174108890231331,11.5045627306774,20.7545926762518,0.985785485459947
2264,0.647504,0.172567679208462,11.4827989877278,20.7748356141538,0.985735905667908
2271,0.649506,0.171018824728143,11.4608043841661,20.7947730813862,0.985685820112005
2278,0.651508,0.169463074131702,11.4385833075197,20.8144021804449,0.985635238741567
2285,0.65351,0.167901192577238,11.4161401763046,20.8337200746284,0.985584171573048
2292,0.655512,0.166333963524518,11.3934794391763,20.8527239884134,0.985532628688102
2299,0.657514,0.164762189230888,11.3706055740769,20.8714112078193,0.98548062023166
2306,0.659516,0.163186691256588,11.3475230873788,20.8897790807603,0.985428156410001
2313,0.661518,0.161608310977538,11.3242365130261,20.9078250173868,0.985375247488805
2320,0.66352,0.160027910103291,11.3007504116711,20.9255464904143,0.98532190379121
2328,0.665808,0.158220396604012,11.2736707189043,20.9453991416395,0.985260420502307
2335,0.66781,0.156638665222169,11.2497725360088,20.962417118099,0.985206180158099
2342,0.669812,0.155057759648675,11.2256893237958,20.9791030988459,0.985151537833882
2349,0.671814,0.153478631343578,11.2014257443192,20.9954548190413,0.985096504069972
2356,0.673816,0.151902254722554,11.1769864818636,21.0114700779168,0.985041089454046
2364,0.676104,0.150105331969231,11.1488468115159,21.0293584997956,0.984977305757083
2371,0.678106,0.148538242524608,11.1240469572688,21.0446456588295,0.984921110890463
2378,0.680108,0.146977121722937,11.0990862769956,21.0595898597417,0.984864568733594
2386,0.682396,0.145201671289046,11.0703689713578,21.0762465214518,0.984799537680552
2393,0.684398,0.143656989597517,11.0450797387185,21.0904493876276,0.984742287619803
2400,0.6864,0.142121736954732,11.0196447205337,21.1043034413648,0.984684724217156
2408,0.688688,0.140380189042706,10.990403798729,21.119707315992,0.984618567736351
2415,0.69069,0.138869058111276,10.9646726314312,21.1328081835689,0.984560369538751
2422,0.692692,0.137371066928252,10.9388108750875,21.145555032887,0.984501892272275
2430,0.69498,0.135676749502143,10.9091009166198,21.1596874226488,0.984434733458171
2437,0.696982,0.134211099227605,10.8829757191847,21.1716706294792,0.984375695134914
2445,0.69927,0.132557083345571,10.8529774964475,21.1849265795148,0.984307923980128
2452,0.701272,0.13112967750757,10.8266113032422,21.1961398191896,0.984248375168682
2460,0.70356,0.129522842336779,10.796350525156,21.2085124753501,0.984180049579473
2468,0.705848,0.127944069414082,10.7659602644389,21.2204114976328,0.984111452037119
2475,0.70785,0.126587282573847,10.7392683506389,21.23043333605,0.984051219110802
2483,0.710138,0.125066706098324,10.7086551383817,21.2414400113503,0.983982156278516
2490,0.71214,0.123764074533415,10.6817794742237,21.2506787954988,0.983921541718159
2498,0.714428,0.122309126532649,10.6509692266675,21.2607881717099,0.983852071893319
2506,0.716716,0.120892266961277,10.6200645065401,21.2704172233701,0.98378240886887
2513,0.718718,0.119685460005968,10.5929511879122,21.2784477752221,0.983721308294418
2521,0.721006,0.118345851568985,10.5618892488484,21.2871733961648,0.983651327785255
2529,0.723294,0.11705055775441,10.5307540853522,21.2954158941527,0.98358120182429
2537,0.725582,0.115801733034823,10.499553088712,21.3031745168684,0.983510947012309
2545,0.72787,0.114601511359201,10.4682936477583,21.3104486259388,0.983440579940167
2552,0.729872,0.113592841337164,10.4408994997857,21.3164156036137,0.983378929695851
2560,0.73216,0.112489386023939,10.4095503751566,21.3227799251259,0.983308396802693
2568,0.734448,0.111440457369086,10.3781640199845,21.3286585311339,0.983237799258262
2576,0.736736,0.110448004877879,10.3467477975039,21.3340512233819,0.983167153578973
2584,0.739024,0.109513900048917,10.3153090602231,21.3389579167033,0.983096476252811
2592,0.741312,0.108639922917814,10.2838551482462,21.3433786387691,0.983025783735578
2600,0.7436,0.107827748373663,10.2523933876017,21.347313529811,0.982955092447155
2608,0.745888,0.107078932449925,10.2209310885779,21.3507628423195,0.982884418767784
2616,0.748176,0.106394898814166,10.189475544067,21.3537269407158,0.982813779034365
2624,0.750464,0.105776925698915,10.1580340279162,21.3562063009996,0.982743189536776
2632,0.752752,0.105226133527447,10.1266137932879,21.3582015103709,0.98267266651421
2640,0.75504,0.104743473492117,10.095222071028,21.3597132668276,0.98260222615153
2648,0.757328,0.104329717338153,10.063866068044,21.3607423787382,0.982531884575652
2656,0.759616,0.10398544859167,10.0325529656916,21.3612897643899,0.982461657851945
2665,0.76219,0.103681680987739,9.99738591191756,21.3613310437154,0.982382809991543
2673,0.764478,0.103486111995275,9.96618769173529,21.3608583090754,0.98231288036887
2681,0.766766,0.103360573448778,9.93505463164254,21.3599074208985,0.982243115366723
2689,0.769054,0.103304818347423,9.90399379076356,21.3584797455865,0.982173530759056
2697,0.771342,0.103318395782036,9.87301219456614,21.3565767567647,0.982104142240211
2706,0.773916,0.103415725575921,9.83826132328102,21.3538697178867,0.982026333978461
2714,0.776204,0.103574228509653,9.80747128608786,21.3509620667442,0.98195741387488
2722,0.778492,0.103799388672323,9.77678221426732,21.3475843915356,0.981888738354012
2731,0.781066,0.104130825121787,9.74238624650335,21.3432250626866,0.981811789829465
2739,0.783354,0.10449332202581,9.71193448632833,21.3388550553039,0.981743684825736
2748,0.785928,0.104975463021668,9.6778227739284,21.3333846247992,0.981667416670757
2756,0.788216,0.105468197005387,9.64763894182384,21.328031899379,0.98159995045515
2765,0.79079,0.106092302381546,9.61384568725856,21.3214617354422,0.98152443891284
2773,0.793078,0.106706904228198,9.58395996392874,21.3151368842055,0.981457678741527
2782,0.795652,0.107462967133424,9.55051886290253,21.3074794465089,0.981382998876498
2790,0.79794,0.108190088619526,9.52096096400702,21.3001940237169,0.98131701092572
2799,0.800514,0.109067166817215,9.4879051728221,21.2914628448095,0.981243236551643
2807,0.802802,0.109896773918898,9.45870432028695,21.2832293497955,0.981178085854044
2816,0.805376,0.11088331271828,9.42606642393709,21.2734390155038,0.981105289462877
2825,0.80795,0.111923004550509,9.39366275346497,21.263094210228,0.981033039703327
2833,0.810238,0.112889090721743,9.36506329895143,21.253437003632,0.980969292538308
2842,0.812812,0.114020048668729,9.33312618348905,21.2420573408431,0.980898128918626
2851,0.815386,0.115194505262861,9.30144866136559,21.230136695208,0.98082756828299
2860,0.81796,0.116409160585268,9.27003932284706,21.2176800211877,0.980757629699211
2868,0.820248,0.117519967871334,9.24235191712878,21.2061615412617,0.980695999516535
2877,0.822822,0.118801714412424,9.21147222345804,21.1927063941805,0.980627287113245
2886,0.825396,0.120114410235644,9.18088495001673,21.1787303329311,0.980559250515841
2895,0.82797,0.12145498123743,9.15059827883148,21.1642388606654,0.980491907855581
2904,0.830544,0.122820430234878,9.1206202817123,21.1492376168544,0.98042527701133
2913,0.833118,0.12420784179717,9.09095891818244,21.133732375267,0.980359375604998
2922,0.835692,0.125614385851935,9.06162203344688,21.1177290419143,0.980294220997062
2931,0.838266,0.127037320208267,9.03261735639968,21.1012336529614,0.980229830282179
2940,0.84084,0.128473992133084,9.00395249767098,21.0842523726059,0.980166220284897
2949,0.843414,0.129921839110162,8.97563494771373,21.0667914909252,0.980103407555435
2958,0.845988,0.131378388902133,8.94767207493105,21.0488574216926,0.980041408365585
2967,0.848562,0.132841259025846,8.92007112384427,21.0304567001621,0.979980238704677
2976,0.851136,0.134308155741006,8.89283921330232,21.0115959808251,0.979919914275659
2985,0.85371,0.135776872641609,8.86598333473278,20.9922820351371,0.979860450491263
2994,0.856284,0.13724528892943,8.83951035043505,20.9725217492163,0.979801862470263
3004,0.859144,0.138874035018732,8.8105531798857,20.9500509063065,0.979737809815581
3013,0.861718,0.140335225742364,8.78491047276927,20.9293714628178,0.97968111893405
3022,0.864292,0.141790042749729,8.75967116563032,20.9082678103277,0.979625348933132
3031,0.866866,0.143236694678566,8.73484157289023,20.8867472815951,0.979570513685924
3041,0.869726,0.144832423104107,8.70774117431211,20.8623557007997,0.979510698433566
3050,0.8723,0.146256285114248,8.68379665129235,20.8399796385697,0.979457880707963
3060,0.87516,0.147822717888043,8.6576944095418,20.814656265243,0.979400339479086
3069,0.877734,0.149216793967086,8.63466117360878,20.7914587318567,0.979349596735798
3078,0.880308,0.150594497201104,8.61206836647151,20.7678842240652,0.979299856063213
3088,0.883168,0.152104411387638,8.58748840948148,20.7412578441364,0.979245778362883
3097,0.885742,0.153443122165858,8.56584307915402,20.7169136489225,0.979198191805134
3107,0.888602,0.154906549003194,8.54232876451561,20.6894520339719,0.979146535692547
3116,0.891176,0.156200703824435,8.52165377330041,20.6643742941959,0.979101153107504
3126,0.894036,0.157611747271807,8.49922973077745,20.6361180277672,0.979051972231193
3136,0.896896,0.158993036208886,8.47738888081145,20.6074600996753,0.979004114465575
3145,0.89947,0.160209589844997,8.45823584137549,20.5813341101621,0.978962184790714
3155,0.90233,0.161530521267419,8.43751983609751,20.5519450087693,0.978916877315001
3165,0.90519,0.162817804570726,8.4174042471274,20.5221881099004,0.978872930254244
3174,0.907764,0.163946588386872,8.39981811014502,20.4951022458239,0.97883455084665
3184,0.910624,0.165166657120307,8.38085822493084,20.4646793212654,0.978793220738879
3194,0.913484,0.16634973943629,8.36251400824744,20.4339232864393,0.978753283898169
3204,0.916344,0.167494802301068,8.34479025686747,20.4028462729503,0.97871475060902
3214,0.919204,0.168600869753474,8.32769152858386,20.3714604922648,0.978677630617036
3224,0.922064,0.16966702095553,8.31122214127552,20.3397782310508,0.978641933127004
3234,0.924924,0.170692388362479,8.29538617206288,20.3078118465053,0.97860766680119
3243,0.927498,0.171579673446521,8.28167854737382,20.2788094413244,0.97857805747434
3253,0.930358,0.172525344978093,8.26705643949216,20.2463374985642,0.978546532275551
3263,0.933218,0.17342800281235,8.25307820528723,20.2136176238721,0.97851646028049
3273,0.936078,0.174286971800831,8.23974697653685,20.1806624046623,0.978487848022998
3284,0.939224,0.175180627332418,8.22583335597429,20.144154921681,0.978458067664374
3294,0.942084,0.175945854541347,8.21386994857307,20.110746656535,0.978432539684979
3304,0.944944,0.176665585807961,8.20256170575866,20.0771423487125,0.978408488213384
3314,0.947804,0.177339326333395,8.19191075893488,20.0433547503873,0.978385917534156
3324,0.950664,0.177966622510331,8.18191899517571,20.0093966418918,0.978364831382969
3334,0.953524,0.178547060964196,8.17258805727403,19.9752808270064,0.978345232946902
3345,0.95667,0.179130977328916,8.16308894145529,19.9375865838777,0.978325396111461
3355,0.95953,0.179611842979233,8.1551499993469,19.9031813395084,0.978308929813659
3365,0.96239,0.180044815732246,8.14787542532514,19.8686581786902,0.978293957630971
3376,0.965536,0.180465463549711,8.14064149995852,19.8305618457467,0.97827921504466
3386,0.968396,0.180797067139456,8.13476390429659,19.7958328890962,0.978267382930599
3396,0.971256,0.18108009750629,8.12955188276009,19.7610258464831,0.978257046092223
3407,0.974402,0.181335154364502,8.1245872627135,19.7226632276223,0.97824740171839
3417,0.977262,0.181515743287847,8.12077231257695,19.6877339622592,0.978240201918792
3428,0.980408,0.18165788897222,8.11734328971376,19.6492679641949,0.978234004435158
3438,0.983268,0.181735702658524,8.11492271809021,19.6142729089042,0.978229933449987
3449,0.986414,0.181764739425317,8.11302511464318,19.5757654824817,0.978227171089203
3460,0.98956,0.18173456149048,8.11192720437313,19.537260975056,0.978226201566666
3470,0.99242,0.181655811851009,8.11162124726521,19.5022735936546,0.978226871353678
3481,0.995566,0.18151285880435,8.1120437562442,19.463821405748,0.978229308658354
3492,0.998712,0.181311062125384,8.11325874554857,19.4254209819783,0.978233520736966
3502,1.001572,0.181076729253637,8.11504833281789,19.3905704350051,0.978238883535015
3513,1.004718,0.180763233540215,8.1177672302713,19.3523149898332,0.978246461831612
3524,1.007864,0.18039164787269,8.12126853689441,19.3141594961332,0.978255790454864
3535,1.01101,0.179962317816427,8.12554814193021,19.2761203352613,0.978266859553476
3546,1.014156,0.179475632635373,8.13060160729885,19.2382137836629,0.978279658546344
3557,1.017302,0.178932025018929,8.13642417061948,19.2004560060896,0.978294176129592
3568,1.020448,0.178331970852107,8.14301074836431,19.162863048888,0.97831040028391
3579,1.023594,0.177675989029453,8.15035593914286,19.1254508333616,0.978328318282163
3590,1.02674,0.176964641313499,8.15845402711464,19.0882351492101,0.97834791669731
3601,1.029886,0.176198532238796,8.16729898552832,19.0512316480478,0.978369181410577
3612,1.033032,0.175378309062893,8.17688448038526,19.0144558370032,0.97839209761993
3623,1.036178,0.174504661765901,8.1872038742258,18.9779230724037,0.978416649848802
3634,1.039324,0.173578323100647,8.19825023003572,18.9416485535469,0.978442821955094
3645,1.04247,0.172600068695661,8.2100163152712,18.9056473165611,0.978470597140441
3656,1.045616,0.171570717213648,8.22249460599987,18.8699342283579,0.978499957959726
3668,1.049048,0.170390526277135,8.23691036820109,18.8313203870849,0.978533775089076
3679,1.052194,0.169257171803251,8.25085224300519,18.7962570538816,0.978566392157753
3690,1.05534,0.168075525417212,8.26548127153682,18.7615266885563,0.978600536956344
3702,1.058772,0.166732553398819,8.2822137122393,18.7240353449098,0.978639504695933
3713,1.061918,0.165453209518065,8.29825118343101,18.6900465588619,0.978676778555975
3724,1.065064,0.16412880289235,8.31494814640651,18.6564337170595,0.978715516461163
3736,1.068496,0.162633940420073,8.33390401051805,18.6202097624521,0.978759420113968
3747,1.071642,0.161219044591014,8.35194896320875,18.5874263012501,0.978801148139844
3759,1.075074,0.159628358075574,8.37235179785574,18.5521384622432,0.978848259697222
3770,1.07822,0.158128382792467,8.39170098776821,18.5202413301038,0.9788928775418
3782,1.081652,0.156448017252546,8.41350185392009,18.4859506073076,0.978943084916276
3794,1.085084,0.154723469349676,8.43601191647062,18.4522035628926,0.978994861276402
3805,1.08823,0.153105428584892,8.45725696030835,18.4217597364386,0.97904367340308
3817,1.091662,0.151301529656241,8.48108613919515,18.3890981420819,0.979098365225692
3829,1.095094,0.149459160402318,8.50558200669671,18.3570248451289,0.979154529000435
3841,1.098526,0.147580436125497,8.53072940192158,18.3255544461029,0.979212130170074
3852,1.101672,0.145828212858696,8.55434034290696,18.2972483727504,0.979266163916554
3864,1.105104,0.143886033079915,8.5806930901622,18.2669729955005,0.979326421237628
3876,1.108536,0.141914164836268,8.60765155089461,18.2373409847429,0.979388011667657
3888,1.111968,0.139915075655889,8.63519949997159,18.2083654709155,0.979450898320295
3900,1.1154,0.137891332514713,8.66332046335894,18.1800591951598,0.97951504376623
3912,1.118832,0.135845606310913,8.69199772760024,18.1524345040798,0.979580410054642
3924,1.122264,0.133780676645804,8.7212143493869,18.1255033447254,0.979646958734856
3936,1.125696,0.131699436901661,8.75095316521368,18.0992772598021,0.97971465087817
3948,1.129128,0.129604899597708,8.78119680111422,18.0737673831086,0.979783447099865
3960,1.13256,0.127500201993744,8.81192768247129,18.048984435204,0.979853307581367
3973,1.136278,0.125212440640656,8.8457487045283,18.0229685002889,0.979930144088141
3985,1.13971,0.123097229753111,8.87743741212679,17.9997325906735,0.9800020921155
3997,1.143142,0.120982379637755,8.90955801938511,17.9772540210388,0.980074979136242
4009,1.146574,0.118871598131804,8.94209223554807,17.9555417844591,0.980148763793114
4022,1.150292,0.116593993058686,8.97778299140275,17.9328948995854,0.980229661784459
4034,1.153724,0.114504278813704,9.01111950347571,17.9128061836716,0.980305182316865
4046,1.157156,0.112431061296956,9.04481232920127,17.8935087995957,0.980381471057934
4059,1.160874,0.110208763414963,9.08169312855937,17.8735046514371,0.980464934779421
4071,1.164306,0.108184145353903,9.11606764357204,17.8558785297944,0.980542687140066
4084,1.168024,0.106025399669177,9.15364226580182,17.837700240125,0.980627635694639
4096,1.171456,0.104069889017685,9.18861579026239,17.8217726792121,0.980706665244795
4109,1.175174,0.101997737521568,9.22679424188537,17.8054476376652,0.980792895801311
4122,1.178892,0.0999802455100146,9.26525088175712,17.7900956538614,0.980879712363636
4134,1.182324,0.0981723803299482,9.30097495857355,17.7767931066016,0.980960322969975
4147,1.186042,0.0962793997761359,9.33989738482845,17.7633275932612,0.981048110747676
4160,1.18976,0.0944615384656029,9.37902594077451,17.7508497654427,0.981136322405538
4173,1.193478,0.0927260210841629,9.41833589688396,17.7393634094817,0.981224902352026
4186,1.197196,0.091080100260837,9.45780250894541,17.7288716906884,0.981313794986748
4198,1.200628,0.0896465491880028,9.49435087256478,17.7200720523044,0.98139607919725
4211,1.204346,0.0881930859181522,9.53404921342061,17.7114997138105,0.981485417003491
4224,1.208064,0.0868498566694709,9.57383193943686,17.7039277103723,0.981574905242511
4237,1.211782,0.0856234244965602,9.61367439486816,17.69735677916,0.981664488606353
4250,1.2155,0.0845199188920565,9.65355198340062,17.6917870423145,0.981754111944142
4263,1.219218,0.0835449163226766,9.69344018296124,17.6872180092657,0.981843720295194
4276,1.222936,0.0827033197624996,9.73331456042439,17.6836485794178,0.981933258921892
4290,1.22694,0.0819508772791159,9.77621283590212,17.6809205055321,0.982029544673908
4303,1.230658,0.0813984677432969,9.8159809021192,17.6794210262564,0.982118764735175
4316,1.234376,0.080989154012648,9.85566067952965,17.6789139718536,0.982207748392231
4329,1.238094,0.0807240281240899,9.89522824736166,17.6793957900284,0.982296442151181
4343,1.242098,0.0805997249916078,9.93768673717234,17.681015804816,0.9823915733941
4356,1.245816,0.0806327630015236,9.97694553955476,17.6835375246443,0.98247949583975
4369,1.249534,0.0808064297326167,10.0160196044422,17.6870335022115,0.982566966342469
4383,1.253538,0.0811468751606503,10.0578661892763,17.6918811418581,0.982660600594222
4396,1.257256,0.0816008431627412,10.0964827678381,17.6973809789967,0.982746967740765
4410,1.26126,0.0822320233446017,10.1377836536981,17.704370789871,0.982839295499689
4423,1.264978,0.0829438533562045,10.1758448041628,17.7118438486216,0.982924340887014
4437,1.268982,0.0838380409977152,10.2164956961954,17.7209401557819,0.98301512970133
4451,1.272986,0.084855846609936,10.2567693280343,17.7311129323939,0.983105030966679
4464,1.276704,0.085903449449406,10.2938048838628,17.7415127244915,0.983187663509833
4478,1.280708,0.0871329219298183,10.3332751100772,17.7537278225749,0.983275684360562
4492,1.284712,0.088457857117429,10.3722902167986,17.7669830711747,0.983362644505308
4506,1.288716,0.089868437770468,10.4108244460669,17.7812647123001,0.983448486726582
4520,1.29272,0.0913549501412687,10.448852488848,17.7965583178109,0.983533154839376
4534,1.296724,0.0929078786092014,10.4863495010987,17.8128488024564,0.983616593726677
4547,1.300442,0.0944012687866557,10.5206713628047,17.8288545561821,0.983692924803893
4561,1.304446,0.0960564690483255,10.5570758762923,17.8470226245922,0.983773841499137
4576,1.308736,0.0978744089762512,10.5954132152742,17.8675411072893,0.983859000605677
4590,1.31274,0.0996040348516926,10.6305475045714,17.8876555928483,0.983936993972445
4604,1.316744,0.101357469677554,10.6650340519514,17.9086821591593,0.984013499726993
4618,1.320748,0.103127378168669,10.6988511178064,17.9306020743641,0.98408846985391
4632,1.324752,0.104906834543157,10.731977528352,17.9533960516383,0.984161857627893
4646,1.328756,0.106689314688643,10.7643926882708,17.9770442651929,0.98423361764148
4661,1.333046,0.108595508811222,10.7983112308564,18.0033064491318,0.984308647021686
4675,1.33705,0.110365165013286,10.8291901331721,18.0286588466903,0.984376896633338
4689,1.341054,0.112120180063212,10.8592982708642,18.0548013912353,0.984443387534746
4704,1.345344,0.113978593925281,10.8906811041759,18.0836632499136,0.984512630993127
4718,1.349348,0.11568763516961,10.9191357400061,18.1113725099668,0.984575353952109
4733,1.353638,0.117486356827646,10.9487076044625,18.1418611690118,0.984640474091053
4747,1.357642,0.119130597372941,10.9754366953848,18.1710394734967,0.984699271368309
4762,1.361932,0.120850825044872,11.0031235208094,18.2030483055462,0.984760106250645
4777,1.366222,0.122523911584159,11.0298083503878,18.2358003649089,0.984818665809117
4791,1.370226,0.124039359718845,11.0537949641426,18.2670130577909,0.984871235485575
4806,1.374516,0.125610116350988,11.0784945734907,18.3011165837905,0.984925291713631
4821,1.378806,0.127122711375333,11.1021442546406,18.3358741181004,0.984976968608365
4836,1.383096,0.128573929250607,11.1247294730674,18.3712544363971,0.985026234792599
4851,1.387386,0.129960804303752,11.1462366258355,18.4072259476619,0.985073060992032
4865,1.39139,0.131194758412013,11.1653261275144,18.441304582187,0.985114540047848
4880,1.39568,0.132449695889207,11.184713942434,18.4783282507311,0.985156573816792
4895,1.39997,0.133632909641584,11.2029892256955,18.5158485900423,0.985196093989199
4911,1.404546,0.134813582670787,11.2212454907671,18.5563808038096,0.985235454812028
4926,1.408836,0.135842120486662,11.2371913145353,18.5948235032521,0.985269716480532
4941,1.413126,0.136793089144087,11.2519973485055,18.6336616904023,0.985301407359246
4956,1.417416,0.137664953779585,11.2656566591949,18.6728619803532,0.985330513196623
4971,1.421706,0.138456349771831,11.2781632775373,18.7123908433638,0.985357021909
4987,1.426282,0.139210461346698,11.2902275272104,18.7548792124635,0.985382424128511
5002,1.430572,0.139831928885562,11.3003371441093,18.7949804042765,0.985403536468299
5017,1.434862,0.140369741363076,11.309281778483,18.8353067355325,0.985422028135945
5033,1.439438,0.140850380338024,11.3175363605137,18.8785315240905,0.985438860357407
5048,1.443728,0.141213150418561,11.324067948806,18.9192159319898,0.985451927981851
5064,1.448304,0.141505916434217,11.3297473391608,18.9627456261654,0.9854629746821
5079,1.452594,0.141691768441293,11.3338655700356,19.0036437411614,0.985470623159617
5095,1.45717,0.141795302517555,11.336973912749,19.0473245987529,0.985475899587278
5111,1.461746,0.141801045633794,11.3387598017893,19.0910235972927,0.985478210305928
5126,1.466036,0.141717732680974,11.3392371597421,19.1319718242664,0.985477693825797
5142,1.470612,0.141534531272879,11.3384751726901,19.175590779244,0.98547429518286
5158,1.475188,0.14125439102605,11.3364078723983,19.2191094146947,0.985467973850937
5174,1.479764,0.140877914209208,11.3330434224909,19.2624879186543,0.985458749675984
5190,1.48434,0.140405857971871,11.3283911484885,19.3056867995131,0.985446645096573
5206,1.488916,0.139839132586977,11.3224615236112,19.3486669210459,0.985431685110702
5222,1.493492,0.139178800012839,11.3152661535865,19.3913895369451,0.985413897240398
5238,1.498068,0.138426072775572,11.306817760482,19.4338163248282,0.98539331149415
5254,1.502644,0.137582313177765,11.2971301655817,19.4759094196885,0.985369960327221
5270,1.50722,0.136649032843722,11.2862182713265,19.517631446764,0.985343878599883
5286,1.511796,0.135627892616301,11.27409804234,19.5589455537932,0.985315103533629
5303,1.516658,0.134448690294545,11.2599153636022,19.6023542427972,0.985281623188928
5319,1.521234,0.133252224392016,11.2453577978973,19.6427130327795,0.985247420512557
5335,1.52581,0.131973918166155,11.2296471834161,19.682554621276,0.985210652685739
5352,1.530672,0.130528591484811,11.2117137180404,19.7242811310951,0.985168828077571
5368,1.535248,0.129088845158073,11.1936893798104,19.7629480688174,0.985126918286144
5385,1.54011,0.127477674698482,11.1733462423007,19.8033511511466,0.985079742357461
5401,1.544686,0.125887538193053,11.1531017609725,19.8407031426515,0.985032905850274
5418,1.549548,0.124123016584143,11.1304525841926,19.8796371487042,0.984980616594922
5434,1.554124,0.122394973376291,11.1080893383439,19.9155404449087,0.984929085850486
5451,1.558986,0.120491158430863,11.0832457914331,19.9528669303376,0.984871939000863
5468,1.563848,0.118521614715822,11.0573178733691,19.9893137630616,0.984812395024348
5485,1.56871,0.116490757183456,11.0303381954113,20.0248473286635,0.984750528339541
5502,1.573572,0.114403255079354,11.0023403020853,20.0594351381042,0.984686415413863
5519,1.578434,0.112264045230456,10.9733586313805,20.0930458559505,0.984620134673221
5536,1.583296,0.110078347092157,10.943428474217,20.1256493272548,0.984551766410091
5553,1.588158,0.107851679652437,10.9125859332257,20.1572166030641,0.984481392690115
5570,1.59302,0.10558988025875,10.8808678808918,20.1877199645388,0.984409097257316
5587,1.597882,0.103299125381689,10.8483119171053,20.2171329456636,0.98433496543805
5604,1.602744,0.100985953251197,10.8149563261677,20.2454303545333,0.984259084043783
5621,1.607606,0.0986572881874867,10.7808400333019,20.2725882931991,0.984181541272819
5639,1.612754,0.0961829160247638,10.7439316925691,20.3000766960317,0.984097725788025
5656,1.617616,0.0938459410648039,10.708374309204,20.3248190268774,0.984017045626006
5673,1.622478,0.091517322365031,10.6721788058524,20.3483570049189,0.983934981436216
5691,1.627626,0.0890705760449098,10.6332042778489,20.3719463601542,0.983846684545879
5708,1.632488,0.0867873104513195,10.5958247843236,20.3929481468778,0.983762064069185
5726,1.637636,0.0844100435891458,10.5556901712586,20.4138154522438,0.983671271690381
5743,1.642498,0.0822138169232275,10.5173041396536,20.4322147798645,0.983584495350958
5761,1.647646,0.079952633571862,10.4761988119873,20.4502963025404,0.983491634531195
5779,1.652794,0.0777708692535263,10.4346687864057,20.4669245483566,0.983397877832205
5797,1.657942,0.0756826874626114,10.392764998852,20.4820878640754,0.983303339906436
5814,1.662804,0.073809619261284,10.3528920572916,20.4950547388882,0.983213440348959
5832,1.667952,0.0719455392330455,10.3104078839778,20.5073429171572,0.983117712581142
5850,1.6731,0.070218756507831,10.2677006481168,20.5181421882883,0.983021542391161
5868,1.678248,0.068644074853936,10.2248215789193,20.5274479190765,0.982925044816958
5886,1.683396,0.0672357460565391,10.1818218310324,20.535257250827,0.982828334660537
5904,1.688544,0.066007054483367,10.1387524250178,20.5415690931498,0.982731526354755
5923,1.693978,0.0649180609649991,10.0932708626898,20.5466077690756,0.982629359211193
5941,1.699126,0.0640937530211336,10.0502176116887,20.549845475024,0.982532706248251
5959,1.704274,0.0634788400128382,10.0072491544168,20.5515932193061,0.982436301132891
5977,1.709422,0.0630780144506007,9.96441536838026,20.5518569775308,0.982340255461378
5996,1.714856,0.0628889583794728,9.9194026639013,20.5505339614251,0.98223938603512
6014,1.720004,0.0629298941140179,9.8770004667348,20.5477732929345,0.982144425203301
6033,1.725438,0.0631999454460992,9.83255187510317,20.543280752556,0.982044943364517
6051,1.730586,0.0636624890424388,9.79078571520267,20.5375426591521,0.981951523934416
6070,1.73602,0.064357130358431,9.74711431902477,20.5299377427815,0.981853905210278
6089,1.741454,0.0652490928437283,9.70392285214098,20.5207616015805,0.981757423395997
6107,1.746602,0.0662608437027997,9.66349594549379,20.5106379796699,0.981667176576264
6126,1.752036,0.0674873914467006,9.62139209816755,20.4984638013563,0.981573249432086
6145,1.75747,0.06885821494679,9.57992333712772,20.4847854381204,0.981480804469568
6164,1.762904,0.0703541750650431,9.53914016921493,20.469629288221,0.981389953904594
6183,1.768338,0.0719563573085869,9.49909191955402,20.4530235283823,0.98130080723467
6202,1.773772,0.0736464099490224,9.45982667390121,20.434998066917,0.981213471111478
6221,1.779206,0.0754067853316314,9.42139122293639,20.415584494856,0.98112804921787
6240,1.78464,0.0772208970208027,9.3838310085619,20.3948160351595,0.981044642149433
6259,1.790074,0.0790732082715899,9.3471900722667,20.3727274900879,0.980963347300765
6279,1.795794,0.0810484071053309,9.30966059030156,20.3480902143339,0.980880159052171
6298,1.801228,0.082935040577208,9.27503838446207,20.3234074458862,0.980803490822201
6317,1.806662,0.0848191143487219,9.24146073258812,20.2975200239181,0.98072921121371
6337,1.812382,0.0867872182037568,9.20728592117786,20.2690133610984,0.980653694239573
6356,1.817816,0.0886317914199394,9.17596924695903,20.2407819324861,0.980584574684018
6376,1.823536,0.0905364980763084,9.1442527964422,20.2099023224679,0.980514661427168
6395,1.82897,0.0923019348410126,9.11534241704972,20.179508854153,0.980451020681576
6415,1.83469,0.0941052372357011,9.08622953974087,20.146453112267,0.980387029088575
6435,1.84041,0.0958439814036238,9.05850299391378,20.1123609301555,0.980326185880773
6455,1.84613,0.097510711591698,9.03219457279278,20.0772877950546,0.980268560190015
6475,1.85185,0.0990986965485184,9.00733382921528,20.0412902805153,0.980214216082992
6494,1.857284,0.100528815521988,8.98508191003192,20.0062888615995,0.980165682489706
6514,1.863004,0.101946374274325,8.96312052017269,19.9686552261993,0.980117902275577
6534,1.868724,0.103269043431587,8.94268066997488,19.9302695795749,0.980073562568426
6555,1.87473,0.104550958630359,8.92287872824803,19.8892209513725,0.980030756273674
6575,1.88045,0.105666027038134,8.90561939264348,19.8494819363355,0.979993599879268
6595,1.88617,0.106674450362751,8.88993660403343,19.8091757951747,0.979960000156699
6615,1.89189,0.10757331258057,8.8758436059031,19.7683641917874,0.97992998440904
6636,1.897896,0.108396478410707,8.86276882662168,19.7250358763379,0.979902349080388
6656,1.903616,0.109063378774506,8.85196626521269,19.6833822779473,0.979879743280608
6677,1.909622,0.109638820740693,8.84236232817232,19.6393075225528,0.979859918675116
6697,1.915342,0.110066626752403,8.8348753863228,19.5970744025912,0.979844769113553
6718,1.921348,0.110388512450654,8.82875801249557,19.5525291710428,0.979832779784841
6738,1.927068,0.110573186718274,8.82459149160605,19.5099793033297,0.979825087044009
6759,1.933074,0.110638813520954,8.82195510124026,19.4652390347246,0.979820909808759
6780,1.93908,0.110573096745321,8.82109266525203,19.4205048942062,0.97982070962884
6801,1.945086,0.110376477370199,8.82199441889477,19.3758481342756,0.979824461850182
6822,1.951092,0.110049765847699,8.8246478472203,19.3313394367004,0.979832135674746
6843,1.957098,0.109594134863637,8.82903772229266,19.2870488034559,0.979843694248182
6864,1.963104,0.109011113411369,8.83514614449197,19.2430454494345,0.979859094756592
6885,1.96911,0.108302582146335,8.84295258781662,19.1993976970826,0.979878288532184
6906,1.975116,0.107470770020511,8.85243394908644,19.1561728731224,0.979901221167591
6927,1.981122,0.106518252227536,8.86356460094423,19.1134372075082,0.979927832638614
6949,1.987414,0.105394098993078,8.87696360768594,19.0692620072909,0.97995958565447
6970,1.99342,0.104203912659624,8.89138109530462,19.0277294626478,0.979993519751783
6991,1.999426,0.102903005287371,8.90735480965391,18.986880145078,0.980030916510831
7013,2.005718,0.101425742076664,8.92571991383294,18.9448846629134,0.980073719297039
7034,2.011724,0.0999109477545815,8.94476786873596,18.9056223623324,0.980117947157551
7056,2.018016,0.0982195910951471,8.96626887750429,18.8654176163849,0.980167711404916
7078,2.024308,0.0964271783208032,8.98930453848411,18.8262247014302,0.980220877209512
7100,2.0306,0.0945400697117749,9.01382447381012,18.7881055015473,0.980277329223689
7121,2.036606,0.0926566955821,9.03856613329006,18.7527753885636,0.980334170277439
7143,2.042898,0.0906047778219733,9.0658331683575,18.7169247205684,0.980396693518681
7165,2.04919,0.0884799623456406,9.09442281605002,18.6823169246473,0.980462133961171
7187,2.055482,0.0862907494815309,9.12427638053439,18.6490043469508,0.980530357977563
7210,2.06206,0.0839430970340494,9.15677261313682,18.6156163799775,0.980604509906925
7232,2.068352,0.0816513642936435,9.18902111129428,18.5851051172439,0.980677994931471
7254,2.074644,0.0793252604684862,9.22234403058709,18.5560321291757,0.980753833127931
7276,2.080936,0.0769762024783751,9.25667603023503,18.5284387976177,0.980831876395525
7299,2.087514,0.0745091898547476,9.29357511306673,18.5012150711613,0.980915660867464
7321,2.093806,0.0721525363217868,9.32976215683372,18.476765136047,0.980997741428704
7344,2.100384,0.0697078002061379,9.36845086668972,18.4529021031042,0.98108540810571
7366,2.106676,0.0674036293104195,9.40620434909323,18.4317316129959,0.981170873621069
7389,2.113254,0.065048896785392,9.44637672520676,18.4113581313568,0.981261731530857
7412,2.119832,0.0627696570597307,9.48718700313499,18.3928091977041,0.981353948946758
7434,2.126124,0.0606802023036222,9.52674386450738,18.3767951775578,0.981443257913543
7457,2.132702,0.0586127014282467,9.56856350086004,18.361878853802,0.981537597597273
7480,2.13928,0.056688256902109,9.61077620926648,18.348844115786,0.981632745656565
7503,2.145858,0.0549312270209502,9.65329861687136,18.3377029370919,0.98172851470141
7526,2.152436,0.0533657951893019,9.69604733218015,18.3284635903033,0.981824717443421
7550,2.1593,0.051961551611704,9.74080592617488,18.3208551066421,0.981925363236308
7573,2.165878,0.0508571530270259,9.78375854199145,18.3155123835734,0.98202187213945
7596,2.172456,0.0500066056637425,9.82668519293763,18.3120740336749,0.98211824903379
7619,2.179034,0.0494225841460586,9.86950402276892,18.3105335347302,0.982214310646345
7643,2.185898,0.0491047753821508,9.91398189118772,18.3109385046141,0.982314016518109
7666,2.192476,0.049080094143634,9.95632923339807,18.3132409759578,0.982408872117523
7690,2.19934,0.0493395039125345,10.0001417007024,18.3176222062795,0.982506932047593
7714,2.206204,0.0498760025201322,10.0434829404314,18.324000861212,0.982603858062286
7737,2.212782,0.0506312632407361,10.0844957826202,18.3319625582213,0.98269550235266
7761,2.219646,0.0516467135966915,10.1266644427497,18.3421692818266,0.982789651049016
7785,2.22651,0.0528665493539292,10.1681104366915,18.354280573104,0.98288210569048
7809,2.233374,0.0542610240689763,10.2087527200625,18.3682575729137,0.982972686077355
7833,2.240238,0.0558001406212723,10.2485125019344,18.3840578192612,0.98306121720191
7857,2.247102,0.0574546696416189,10.2873133925942,18.4016353614826,0.983147529575244
7881,2.253966,0.0591968516363268,10.325081545248,18.4209408808697,0.983231459540315
7906,2.261116,0.0610769699369114,10.3632484922091,18.4428315705421,0.983316183446683
7930,2.26798,0.0629200678136481,10.3986901854066,18.4654984926868,0.983394767121399
7954,2.274844,0.0647787299934349,10.4328915177236,18.4897240184573,0.983470509450385
7979,2.281994,0.0667104707288292,10.4671318575286,18.5165498872372,0.983546238473017
8003,2.288858,0.0685427419420413,10.4986108762766,18.543763470679,0.983615761454384
8028,2.296008,0.0704112604475579,10.5298909436762,18.5735594798528,0.983684738308299
8053,2.303158,0.0722234675181028,10.5595713398656,18.6047562912371,0.983750074339877
8077,2.310022,0.0738973471219904,10.5865084191163,18.635948050154,0.983809259915998
8102,2.317172,0.0755605346806352,10.6128976447402,18.6696536112288,0.983867119767788
8127,2.324322,0.0771309677248655,10.6375363828144,18.7045138718347,0.983921010196062
8152,2.331472,0.0785991280332638,10.6603820986827,18.7404415219546,0.983970839219288
8177,2.338622,0.0799566911234702,10.6813966225063,18.7773474946385,0.984016524710151
8202,2.345772,0.0811964206060442,10.7005462028086,18.815141180163,0.984057994507299
8228,2.353208,0.0823540450232939,10.7184519974451,18.8552894599747,0.984096584435615
8253,2.360358,0.0833350371429875,10.733711102105,18.8946078130358,0.98412927251467
8278,2.367508,0.0841820127177808,10.7470301817382,18.9345311870377,0.984157587517877
8304,2.374944,0.0849168038422619,10.758807358976,18.976591573481,0.984182362691186
8329,2.382094,0.0854799208721923,10.7681253811217,19.0174552810002,0.984201670689264
8355,2.38953,0.0859140731017491,10.775722788547,19.0602876086875,0.984217044700825
8381,2.396966,0.0861921495651804,10.7811839257154,19.1033547279599,0.984227619991453
8407,2.404402,0.0863132591415375,10.7845120583141,19.146549692907,0.984233408027122
8432,2.411552,0.086281521435906,10.7857084791214,19.1881047920073,0.984234480204968
8458,2.418988,0.0860948997721583,10.7848819427955,19.2312421231302,0.98423095550227
8484,2.426424,0.0857528280285118,10.7819622215014,19.2741945959486,0.984222744939368
8510,2.43386,0.085257154560923,10.7769727029355,19.3168588044578,0.984209904959596
8537,2.441582,0.0845825249629456,10.7696308823484,19.3607496174556,0.98419174347241
8563,2.449018,0.0837821655999149,10.7605147795607,19.4025125115993,0.984169686414098
8589,2.456454,0.0828377760574149,10.7494293670928,19.4436831733355,0.984143237015768
8616,2.464176,0.0817093768348489,10.7358786643441,19.48570771244,0.98411122722794
8642,2.471612,0.0804857992051437,10.7209147524802,19.5253767648755,0.984076140230801
8669,2.479334,0.079079151077136,10.7034420516651,19.5656433054866,0.98403540525307
8695,2.48677,0.0776002431708358,10.6848118766492,19.6034339626658,0.983992171101622
8722,2.494492,0.0759430173394657,10.6636554269454,19.6415637308002,0.983943259777797
8749,2.502214,0.074170712673835,10.640724829522,19.6784680559918,0.983890418213498
8776,2.509936,0.072292937746436,10.6160947440907,19.714059697244,0.983833817180045
8803,2.517658,0.07032021385468,10.5898437008972,19.7482555720056,0.983773635965546
8830,2.52538,0.0682640429064323,10.5620538628224,19.7809769412861,0.983710061834341
8857,2.533102,0.0661369911822286,10.532810779844,19.8121495818477,0.983643289469824
8884,2.540824,0.0639527906666069,10.5022031365633,19.8417039451225,0.983573520402224
8912,2.548832,0.0616434027975798,10.4691185020977,19.8705744586715,0.983498224297913
8939,2.556554,0.0593907657616695,10.4360172112454,19.8966374034135,0.983422999642203
8967,2.564562,0.0570475872532279,10.4005518635748,19.9217643620147,0.983342510924438
8994,2.572284,0.0548017141236193,10.3653574577937,19.9441097746496,0.983262737456345
9022,2.580292,0.0525103776061768,10.3279357732725,19.9652813621571,0.983178015805601
9050,2.5883,0.0502837581137869,10.2896859484455,19.9843728171725,0.983091518028587
9078,2.596308,0.0481508547803396,10.2507231531076,20.0013475100269,0.983003503761032
9106,2.604316,0.0461429318225438,10.2111636114603,20.0161751076537,0.982914234758704
9134,2.612324,0.0442931150980533,10.1711242643889,20.0288316067657,0.982823974138933
9162,2.620332,0.0426355848815178,10.1307224325362,20.0392993488428,0.982732985624627
9190,2.62834,0.0412042505966062,10.0900754811199,20.0475670170385,0.982641532792891
9218,2.636348,0.0400308569997608,10.0493004874264,20.0536296151666,0.98254987833035
9246,2.644356,0.0391426079280404,10.008513911901,20.057488428976,0.982458283297217
9275,2.65265,0.0385445803292858,9.96638168303567,20.0591698796209,0.982363755615866
9303,2.660658,0.0382888156345367,9.92592712824925,20.0585721905232,0.982273077678612
9332,2.668952,0.0383563844282853,9.8843821907598,20.0556741913563,0.98218004418662
9361,2.677246,0.0387490961456254,9.8433194452264,20.0504858551321,0.982088180543018
9390,2.68554,0.0394424050808646,9.8028593469187,20.0430427658708,0.981997755435555
9419,2.693834,0.0404030744593147,9.76311947871723,20.03338704291,0.981909030858701
9447,2.701842,0.0415480271330679,9.72554066668046,20.0220101865391,0.981825218169612
9477,2.710422,0.042969309467526,9.68625442278839,20.0076377255018,0.981737693413901
9506,2.718716,0.0444929006686456,9.64934711470968,19.9916592987211,0.981655564580087
9535,2.72701,0.0461241978250082,9.61359519842645,19.9736981194117,0.981576103022875
9564,2.735304,0.0478272084884689,9.5790971794562,19.9538258750781,0.981499526818587
9594,2.743884,0.0496298223547139,9.54482892025087,19.9313391953381,0.981423567056106
9623,2.752178,0.0513821298943008,9.51316639816903,19.9078214096676,0.981353489439427
9653,2.760758,0.0531776159688318,9.48201601997041,19.8817437533689,0.981284659269229
9683,2.769338,0.0549312779753811,9.45258232848638,19.8539870944308,0.981219743056114
9712,2.777632,0.0565666499147152,9.42583701245738,19.8256585090881,0.981160876474832
9742,2.786212,0.0581785349375309,9.40000729757856,19.7949105718769,0.98110415646594
9772,2.794792,0.0596934099591552,9.37611293127281,19.7628074636657,0.981051828116304
9802,2.803372,0.0610975646862333,9.35421417381618,19.7294655804631,0.981004022022087
9832,2.811952,0.0623792983391418,9.33436426484539,19.6950042985277,0.980960852923348
9863,2.820818,0.0635646382420448,9.31605403592269,19.6583478667576,0.980921220924714
9893,2.829398,0.0645686143218235,9.30050464772066,19.6219888067919,0.980887767343368
9923,2.837978,0.065424946206573,9.28712165177006,19.584886411448,0.980859199723972
9954,2.846844,0.0661489530537901,9.27559395783589,19.5459014255371,0.980834864732984
9985,2.85571,0.0667049102006499,9.26642344974486,19.5063997491118,0.980815834690075
10015,2.86429,0.0670798253242021,9.25980258042263,19.4678138628428,0.980802485575656
10046,2.873156,0.0672966864165592,9.2552917215522,19.4277093197368,0.980793926056062
10077,2.882022,0.0673393171022976,9.25314349291931,19.3875082275509,0.980790667410703
10108,2.890888,0.0672079412265796,9.2533434751087,19.347350859563,0.980792671874968
10139,2.899754,0.066903866449003,9.25586924077327,19.3073760391496,0.98079988378625
10170,2.90862,0.0664294510435844,9.26069050650892,19.2677206718959,0.98081222994259
10202,2.917772,0.0657646567627748,9.26803475313192,19.2272637803982,0.98083026380492
10233,2.926638,0.064955561851605,9.27739617725491,19.1886691437893,0.980852748116014
10265,2.93579,0.063955780422472,9.28932204524614,19.149584306024,0.980881001031394
10296,2.944656,0.062834416599484,9.30300534999001,19.1125800488781,0.980913113583932
10328,2.953808,0.0615271304417299,9.31925727317792,19.0753980651692,0.980950991991996
10360,2.96296,0.0600770054789636,9.33759028706933,19.0393742929435,0.980993491426983
10391,2.971826,0.0585459719503746,9.35725233506005,19.0056959193324,0.981038879737677
10423,2.980978,0.0568468003856303,9.37942034347193,18.9723033388953,0.981089875460186
10456,2.990416,0.0549820266282183,9.40416767810248,18.9394423813771,0.981146633558351
10488,2.999568,0.0530797517190185,9.42988588551716,18.9092106570323,0.981205466518409
10520,3.00872,0.0511014234782664,9.45718612321776,18.8806846014485,0.981267780373514
10552,3.017872,0.0490652096759466,9.48595243892403,18.8539532883674,0.981333311701366
10585,3.02731,0.0469261417587704,9.51702591801659,18.8283526540251,0.981403971989084
10617,3.036462,0.0448370029696804,9.54839592995894,18.8055099455632,0.981475190248628
10650,3.0459,0.0426941579305551,9.58188677622517,18.7840677639077,0.981551109252547
10683,3.055338,0.0405936313596303,9.61639415464843,18.7648348417789,0.981629221762854
10716,3.064776,0.0385697889729934,9.65177252398878,18.7478649563715,0.981709199385084
10749,3.074214,0.0366605609861918,9.68787435570897,18.7332024670509,0.981790709634092
10782,3.083652,0.0349070779600467,9.72455073297114,18.7208822338937,0.981873417280194
10815,3.09309,0.0333526207096747,9.76165194918611,18.7109295743393,0.98195698569282
10848,3.102528,0.0320405886322447,9.79902810376893,18.7033602577475,0.982041078176438
10882,3.112252,0.0309849078584007,9.83766649016022,18.698060869759,0.982127912686202
10915,3.12169,0.0302814245543408,9.8751419863333,18.6953397188437,0.98221204003256
10949,3.131414,0.0299098084564017,9.91356907312743,18.6950182126038,0.982298207905788
10982,3.140852,0.029897348812165,9.95053891247779,18.6970925521805,0.982381015719905
11016,3.150576,0.0302308647821365,9.98814056979421,18.7016550586934,0.982465143684672
11050,3.1603,0.0308865024492668,10.0250962452398,18.7086354331203,0.982547729634213
11084,3.170024,0.0318219251195391,10.0612584452515,18.7179800447001,0.982628444958904
11118,3.179748,0.0329875313618375,10.0964844804067,18.7296259516256,0.982706972181047
11152,3.189472,0.0343315684480686,10.130637011472,18.7435012578902,0.982783006165301
11187,3.199482,0.035848701743001,10.1645340742222,18.7600284489453,0.982858364616756
11221,3.209206,0.0374050327993658,10.1961105958786,18.7781722105675,0.982928457659206
11256,3.219216,0.0390484741208775,10.2270982480724,18.7988970394962,0.98299713041129
11290,3.22894,0.0406485675599207,10.2556128453798,18.8209122949624,0.98306020844901
11325,3.23895,0.0422668012222055,10.2832220474382,18.8453952189342,0.983121160924206
11360,3.24896,0.0438275156463318,10.3089594937605,18.8715984229103,0.983177850170468
11395,3.25897,0.0453066285709671,10.3327310623839,18.8993882142466,0.983230070342311
11430,3.26898,0.0466838750471147,10.3544522966389,18.9286252893431,0.983277637481739
11465,3.27899,0.0479422948595931,10.3740486772126,18.9591654074788,0.983320390102109
11500,3.289,0.0490678027435299,10.3914558474832,18.9908600794132,0.983358189666661
11536,3.299296,0.0500746460215439,10.4070196274104,19.0245046707581,0.983391780700375
11571,3.309306,0.0508973747758789,10.419830929524,19.058071417374,0.983419203560195
11607,3.319602,0.0515752906299469,10.4305870767038,19.093311452687,0.983441953821983
11642,3.329612,0.052065202853956,10.4386680331998,19.1281047461601,0.983458723486146
11678,3.339908,0.0523911807899854,10.4445236402227,19.1642703138682,0.98347045063205
11714,3.350204,0.0525344664704857,10.4478879007427,19.2006479018827,0.983476583841032
11750,3.3605,0.0524944253179196,10.4487718558932,19.2370652881925,0.983477154541443
11786,3.370796,0.0522719947080379,10.4471980154419,19.273351914585,0.983472219810403
11823,3.381378,0.0518559105199234,10.4430548807081,19.3103334592099,0.983461497667441
11859,3.391674,0.0512726867139255,10.4366123102532,19.3458422203588,0.983445677146945
11896,3.402256,0.0504956375782156,10.4275714327461,19.3816801856097,0.983424018337865
11932,3.412552,0.0495737496869352,10.4164885086126,19.4157504162073,0.983397849659566
11969,3.423134,0.0484645831228119,10.4028284691631,19.4497857764511,0.983365904313448
12006,3.433716,0.0472020181919746,10.3869601167527,19.4826709215945,0.983329052392001
12043,3.444298,0.0457982968250936,10.3689861188397,19.5142562917474,0.983287529876139
12080,3.45488,0.044267420597315,10.3490183989643,19.5444003907895,0.983241593186896
12117,3.465462,0.042625282030298,10.3271774823592,19.5729703955098,0.983191517694647
12154,3.476044,0.0408898477484745,10.3035918063431,19.5998427152313,0.983137596151292
12192,3.486912,0.0390317220878863,10.2776950444726,19.6255546805084,0.983078538003635
12229,3.497494,0.0371721820563509,10.2509955536953,19.6486471721332,0.983017781602732
12267,3.508362,0.0352383024010775,10.2222068213451,19.6702701289043,0.98295239796401
12304,3.518944,0.0333621109726135,10.1930003026985,19.6892019752919,0.982886181908188
12342,3.529812,0.0314777841212785,10.16196351264,19.706391569217,0.982815929806141
12380,3.54068,0.0296773978016222,10.1300439064004,19.7212342620982,0.982743789329084
12418,3.551548,0.0280069151937061,10.0974175798276,19.7336794204584,0.982670157254595
12457,3.562702,0.0264800301399312,10.0633842881887,19.7439197454361,0.982593456132457
12495,3.57357,0.0252280694234476,10.0298717796885,19.7514052409621,0.982518029381072
12533,3.584438,0.0242587903087102,9.99619183940701,19.7564195942317,0.982442322995954
12572,3.595592,0.0236008545375201,9.96163729047055,19.7589984590522,0.982364750070257
12611,3.606746,0.0233110636443465,9.92728220289558,19.7589926038989,0.982287724504388
12649,3.617614,0.0233866661743749,9.89417721923627,19.7565293554694,0.98221359695663
12688,3.628768,0.0238112575900311,9.86075784058851,19.7515217132079,0.982138863114907
12727,3.639922,0.0245458659244679,9.82807753179809,19.7440585550988,0.982065881455099
12766,3.651076,0.0255352050024685,9.7963067826497,19.7342093366191,0.981995031532281
12806,3.662516,0.0267510799152766,9.76483750695809,19.7217146557746,0.981924960039179
12845,3.67367,0.0280721507474853,9.73540214472223,19.7072947998329,0.981859523280246
12885,3.68511,0.029509065346955,9.7066464645573,19.6903209103538,0.981795709370449
12924,3.696264,0.0309418053587268,9.68014877723104,19.6717592939901,0.981737019515709
12964,3.707704,0.0324014925656226,9.65468495363452,19.6507899362003,0.981680740933964
13004,3.719144,0.033815401601989,9.63108106802058,19.6280073825274,0.981628702685652
13044,3.730584,0.0351535592403367,9.60945097958584,19.6035645662861,0.98158115412253
13084,3.742024,0.0363913143629724,9.58989581352303,19.5776221658065,0.981538315745973
13124,3.753464,0.037508530055602,9.57250353005495,19.5503475859873,0.981500378280193
13165,3.76519,0.0385115547044999,9.55699892032165,19.5211897490189,0.981466746047632
13205,3.77663,0.0393382539915753,9.54420006163533,19.4917524607913,0.981439191070448
13246,3.788356,0.0400194072544257,9.53351590822205,19.4607551586137,0.981416437816692
13287,3.800082,0.0405244071956808,9.52533067727622,19.4291198890011,0.981399311990956
13328,3.811808,0.0408478483360492,9.51966338023596,19.3970459779868,0.981387848493949
13369,3.823534,0.0409866762085342,9.51651755193234,19.3647329709105,0.981382047518574
13410,3.83526,0.040940024512317,9.51588141835762,19.332379421638,0.981381874972983
13451,3.846986,0.0407090915908672,9.51772815506678,19.3001817025831,0.98138726310604
13492,3.858712,0.0402970490901387,9.52201623353985,19.2683328424807,0.981398111328919
13534,3.870724,0.0396924912719323,9.52888186622427,19.2362659739763,0.981414747002671
13575,3.88245,0.0389313269311258,9.53792696919107,19.2056947489172,0.981436211199734
13617,3.894462,0.0379857679158984,9.54950525977586,19.1753135821609,0.981463347563042
13659,3.906474,0.036883886681961,9.56332186830732,19.1460590454051,0.98149545868825
13701,3.918486,0.0356394176338781,9.57926100869009,19.1181028614584,0.981532278323005
13743,3.930498,0.0342683694291515,9.59719486187302,19.0916063560597,0.981573513639362
13786,3.942796,0.0327528529374164,9.61747713462217,19.066147799411,0.981619974007245
13828,3.954808,0.0311850465046483,9.6390124442771,19.0430518375685,0.981669152195043
13871,3.967106,0.0295160285345395,9.66265987699956,19.0213499939221,0.981723011844485
13913,3.979118,0.0278521554711329,9.68715020634063,19.0021650205093,0.981778663781027
13956,3.991416,0.0261484238741861,9.71346780205804,18.984685389742,0.981838346456608
13999,4.003714,0.0244844902845504,9.74085430181131,18.9694808839795,0.981900337506619
14042,4.016012,0.0229067727696431,9.76911369540969,18.9566235631442,0.981964194674276
14085,4.02831,0.0214678030918548,9.79804667374164,18.9461689384851,0.98202946894771
14129,4.040894,0.0201987526881182,9.82813984285229,18.9379987229426,0.982097255905175
14172,4.053192,0.019216574798566,9.85781960252324,18.9325065758904,0.98216401220347
14216,4.065776,0.0185299465192211,9.88825513549515,18.9294422905443,0.982232368903183
14259,4.078074,0.0182061910486429,9.91786033216846,18.9289332219541,0.982298764933738
14303,4.090658,0.0182407594127877,9.94780687681958,18.9309261585078,0.982365829330742
14347,4.103242,0.0186249800856608,9.97719974920931,18.9354148634148,0.982431555656559
14391,4.115826,0.0193116842737069,10.0058413698407,18.942335331933,0.982495503408436
14436,4.128696,0.0202609508030563,10.0341591737089,18.9518447926463,0.982558624824021
14480,4.14128,0.0213614702178715,10.0607105602564,18.9634231653801,0.982617705675111
14525,4.15415,0.0225958998384751,10.0865236200011,18.9774809880172,0.982675035082806
14569,4.166734,0.0238519635601188,10.1102892062622,18.9932672321072,0.98272770697827
14614,4.179604,0.0251369802831276,10.1329337481912,19.0113561734256,0.982777776208002
14659,4.192474,0.0263810859360209,10.1537570614464,19.0312537763249,0.982823692068175
14704,4.205344,0.0275505403937312,10.1726318018181,19.0527907760162,0.982865175605815
14750,4.2185,0.0286406595994494,10.1897960386381,19.0763144520516,0.982902747126999
14795,4.23137,0.0295821563541288,10.2044069979113,19.1006112842661,0.982934564114855
14840,4.24424,0.0303831368893586,10.2167835345165,19.1259830478349,0.982961329763915
14886,4.257396,0.0310432837843112,10.2270630236414,19.1528220900627,0.982983336872669
14932,4.270552,0.0315330571375202,10.2348993827681,19.1803591770315,0.98299983931487
14978,4.283708,0.0318456560909365,10.2402664227154,19.2083750690005,0.983010786868606
15024,4.296864,0.0319772471223124,10.2431571151924,19.2366498847844,0.983016172296481
15070,4.31002,0.0319267258333412,10.2435833837467,19.2649647847737,0.983016030811689
15117,4.323462,0.0316885345741975,10.2415054101053,19.2937117863819,0.983010257949068
15163,4.336618,0.0312767853871733,10.2370613384394,19.3214519748688,0.982999219192448
15210,4.35006,0.0306801547587426,10.230127632513,19.3491757655122,0.98298259918902
15257,4.363502,0.0299148367407308,10.2208636088292,19.3760634036071,0.982960786899625
15303,4.376658,0.0290137070856717,10.2096422861263,19.4013750568132,0.982934647319022
15351,4.390386,0.0279275797836989,10.1957857884672,19.4265333647386,0.982902605488929
15398,4.403828,0.0267369958294201,10.1802318532483,19.4497463166104,0.982866833302875
15445,4.41727,0.0254408310508503,10.1628648214943,19.4713869799413,0.982827056991427
15493,4.430998,0.0240324705005074,10.1434268223692,19.4917094486289,0.982782688549397
15540,4.44444,0.0225984576656481,10.1229052096761,19.5097305502492,0.982735979770321
15588,4.458168,0.0211113538029994,10.1006190085585,19.5260944635149,0.982685378913277
15636,4.471896,0.0196413401450898,10.0771934017065,19.5402909604978,0.982632307439831
15684,4.485624,0.0182355866826905,10.0528388234165,19.5522333661612,0.982577240512655
15733,4.499638,0.0169236352018218,10.0272421076179,19.5620303268441,0.98251947178801
15781,4.513366,0.0158211947324381,10.0016698007563,19.5692348041652,0.982461858247895
15829,4.527094,0.0149631477580735,9.97582513357949,19.5740452586191,0.982403726830753
15878,4.541108,0.0143973527051835,9.94938760613737,19.5764808194418,0.982344358218709
15927,4.555122,0.0141824451517287,9.92312263058776,19.5764312102001,0.982285472776593
15976,4.569136,0.0143222687169028,9.89725449206319,19.5739331188717,0.982227571941027
16025,4.58315,0.0147839553445611,9.87200077653111,19.5690438412207,0.982171141330224
16074,4.597164,0.0155074186998362,9.84757058964367,19.5618404853624,0.982116646781389
16124,4.611464,0.0164407519047563,9.82369714714366,19.552204414464,0.982063494748287
16174,4.625764,0.0174963782437262,9.80108705977509,19.5403798391817,0.982013260023754
16223,4.639778,0.0185855441898159,9.78033271611385,19.5268022275931,0.981967253897704
16273,4.654078,0.0196985225216098,9.76075305276792,19.5110698990829,0.981923964957669
16323,4.668378,0.0207691000651878,9.74293867095448,19.4936095981257,0.98188470082426
16374,4.682964,0.021781104163692,9.72672532528553,19.474209449384,0.981849101461404
16424,4.697264,0.0226670530714171,9.7128653559904,19.4538274428595,0.981818816530801
16474,4.711564,0.0234266134570278,9.70111601733009,19.4323012663626,0.98179330807417
16525,4.72615,0.0240546613836097,9.69138291017693,19.4093842202925,0.98177237400362
16576,4.740736,0.0245223803675236,9.68397933927666,19.3857248942208,0.981756691630984
16627,4.755322,0.0248215391220944,9.67893917070166,19.3615557979944,0.981746327875923
16678,4.769908,0.024947489286052,9.67627365595001,19.33711067856,0.981741298907174
16729,4.784494,0.0248988348095172,9.67597167005163,19.3126223153896,0.981741570761825
16781,4.799366,0.0246711473628801,9.6780628938913,19.2878472336962,0.981747219420503
16833,4.814238,0.0242684101941527,9.68251898156579,19.2635037284288,0.981758153496437
16884,4.828824,0.0237108547085074,9.68910943356689,19.2402695282737,0.98177382993649
16936,4.843696,0.0229871113796657,9.69799361545435,19.2174500277361,0.981794632961968
16988,4.858568,0.0221201477830979,9.70894380854535,19.1957160746251,0.981820026021117
17041,4.873726,0.0211064736771314,9.72208714932496,19.174882521046,0.981850301334639
17093,4.888598,0.0200048016752064,9.73677001813852,19.1559172522368,0.98188395594972
17146,4.903756,0.0187977625853136,9.7533798660893,19.1382593634493,0.981921880285759
17198,4.918628,0.0175598775402073,9.77110383872717,19.1227207283564,0.981962220423147
17251,4.933786,0.0162789474822131,9.79042130096852,19.1088325618717,0.982006069286938
17304,4.948944,0.0150213496405275,9.81078966638959,19.0970206383563,0.982052193873017
17358,4.964388,0.0138171108958961,9.83239318314453,19.0872106304585,0.982101010154968
17411,4.979546,0.0127716121284989,9.85420104659675,19.0798299465635,0.982150190456159
17465,4.99499,0.0119138545937412,9.87679711656693,19.0746410869441,0.982201053022063
17518,5.010148,0.0113399791318599,9.89911122295328,19.0718521425965,0.982251190415271
17572,5.025592,0.0110764476933796,9.92174862063493,19.0713497046783,0.982301964041515
17626,5.041036,0.0111505730077128,9.94405322342974,19.0731756734019,0.98235190129974
17681,5.056766,0.0115434613813871,9.96619263207341,19.0773703471424,0.982401376397463
17735,5.07221,0.0121784961106038,9.98713968264769,19.0837003150945,0.982448095427408
17790,5.08794,0.0130010528161128,10.0074549039182,19.0922943748468,0.982493310131685
17844,5.103384,0.0139073549738713,10.026203529164,19.1027161653649,0.982534941626373
17899,5.119114,0.014866079517815,10.0438953805509,19.1152051926515,0.982574123676956
17954,5.134844,0.0158080964053976,10.0600023877967,19.1294198967049,0.98260968555936
18010,5.15086,0.0167073827632856,10.0746198871758,19.1454771424353,0.982641836493687
18065,5.16659,0.0174996941027298,10.0870962561022,19.1626038628011,0.98266914546639
18121,5.182606,0.0181889918410221,10.0977759005038,19.1812064563093,0.982692368904561
18176,5.198336,0.0187327259187745,10.1061944026239,19.2004001550075,0.98271049984547
18232,5.214352,0.0191376350036703,10.1125976709851,19.2206504630529,0.982724071589851
18288,5.230368,0.0193839314903219,10.1167777437642,19.241376169683,0.982732640398953
18345,5.24667,0.0194670328876122,10.1187390924971,19.2627108316318,0.982736211122868
18401,5.262686,0.0193831241311934,10.1184286223149,19.2836623153309,0.98273470316538
18458,5.278988,0.0191318273383138,10.1158772607964,19.3047338243262,0.982728166368546
18514,5.295004,0.0187277908832409,10.1112399824661,19.324953529087,0.982716985851165
18571,5.311306,0.0181658079903476,10.1044419960527,19.3448151812684,0.982700974794702
18629,5.327894,0.0174508962687147,10.0954910752983,19.3640554399525,0.982680160832705
18686,5.344196,0.0166240683610415,10.0848340894974,19.3818032489607,0.982655579621418
18743,5.360498,0.0156940427513767,10.0724893122933,19.3982117003674,0.982627266198941
18801,5.377086,0.014666634547949,10.0583738197799,19.4133590716043,0.982595031612562
18859,5.393674,0.0135879414291034,10.0428871570434,19.4267889859298,0.982559789346536
18917,5.410262,0.01249515097213,10.0262400331116,19.4383688470012,0.982522016958942
18975,5.42685,0.0114335273531144,10.0086535398978,19.4479906918056,0.98248221433226
19034,5.443724,0.0104420284070134,9.99003597154499,19.4556845192527,0.982440174695001
19092,5.460312,0.00961888554274308,9.971255084896,19.461132556575,0.98239785591427
19151,5.477186,0.0090055834813881,9.95190715595773,19.4644919181788,0.982354346732886
19210,5.49406,0.00867800252104392,9.9325586268339,19.4656467856989,0.982310921629804
19269,5.510934,0.00866445791477714,9.9134512988532,19.4646213979249,0.98226812179622
19328,5.527808,0.00894734345258164,9.89481971752962,19.4614668142304,0.982226471116143
19388,5.544968,0.00947991345552282,9.87659172981444,19.4561544158213,0.982185808927874
19447,5.561842,0.0101678276544094,9.85958961042488,19.4489639870974,0.982147967970071
19507,5.579002,0.0109578344201235,9.84344071748855,19.4397804412804,0.982112117220966
19567,5.596162,0.0117739232361515,9.82862984692454,19.4288615031587,0.982079333629995
19627,5.613322,0.0125647140567539,9.81532451047254,19.4163792139223,0.982049986100121
19688,5.630768,0.0133026170975607,9.80349024174484,19.4022813049614,0.982023999381414
19748,5.647928,0.0139340392790637,9.79363768318338,19.3872364992841,0.98200249244634
19809,5.665374,0.0144580768049321,9.78553758384655,19.3709663746559,0.98198496209187
19870,5.68282,0.0148476337367758,9.77944261390148,19.3539474702146,0.981971956351074
19931,5.700266,0.0150924330371399,9.77539780589229,19.3364206192849,0.981963566856856
19993,5.717998,0.0151871157222424,9.7734047729548,19.3183365625367,0.981959799134741
20054,5.735444,0.0151271012413056,9.77351635959115,19.3005243260491,0.981960739540011
20116,5.753176,0.0149127718340119,9.77569607592243,19.2826466344773,0.981966319329955
20178,5.770908,0.0145499539897456,9.77989069908419,19.2652383830463,0.981976398449158
20240,5.78864,0.0140483921956501,9.78600525107991,19.2485310175284,0.981990754983785
20302,5.806372,0.0134214764148134,9.79392002417703,19.2327420525528,0.982009112114553
20364,5.824104,0.0126864089579124,9.8034926875779,19.2180723283216,0.982031142946285
20427,5.842122,0.0118507611911933,9.81475046583257,19.2044994968834,0.982056909383743
20490,5.86014,0.0109531872060061,9.82736294782477,19.192437957882,0.982085654571033
20553,5.878158,0.0100277285298661,9.84112519881662,19.1820311508319,0.982116913476146
20616,5.896176,0.00911649366532423,9.85581975014962,19.1733962702216,0.9821501939824
20680,5.91448,0.00825883588711758,9.87146881210709,19.1665309589136,0.982185545977677
20743,5.932498,0.00754442098897735,9.88734776434411,19.1617119308999,0.982221334104954
20807,5.950802,0.00702004133800427,9.90371767211014,19.1588199298608,0.982258148306506
20871,5.969106,0.00675822169881586,9.92008456531921,19.1579511781055,0.982294877348546
20935,5.98741,0.00678438884108117,9.9362080602475,19.1590799678776,0.982330983275138
21000,6.006,0.00708101672228975,9.95209544868813,19.1622147453003,0.982366482107556
21064,6.024304,0.00757532346207553,9.96703427682199,19.1671757047759,0.982399783456814
21129,6.042894,0.00820416079679444,9.98127817933383,19.1740059422773,0.982431454314359
21194,6.061484,0.008888504547278,9.99438986745945,19.1825040898492,0.98246052206031
21259,6.080074,0.00957030808373602,10.00619255361,19.1925091916463,0.982486596565236
21325,6.09895,0.010215152776968,10.0166796438762,19.2040242401624,0.982509662929311
21390,6.11754,0.0107711800639732,10.0254034813497,19.2165003617466,0.982528738752576
21456,6.136416,0.0112318640068376,10.032527660004,19.2301035872356,0.98254418438707
21522,6.155292,0.0115713842242293,10.0378282089484,19.2444193055357,0.982555513745205
21589,6.174454,0.011781215993906,10.0412955515686,19.2594364899281,0.982562705783026
21655,6.19333,0.0118494364901301,10.042809305116,19.2744635216482,0.982565517396665
21722,6.212492,0.0117768899660381,10.042429142775,19.2897086283436,0.982564074307529
21788,6.231368,0.0115685947240277,10.0402095346385,19.3044794271456,0.982558525470013
21855,6.25053,0.0112250346708716,10.0361561129034,19.3189901772202,0.982548875209256
21923,6.269978,0.0107512345633242,10.0302914681302,19.3329903060814,0.982535183884065
21990,6.28914,0.0101759819339888,10.0229167159808,19.3458576501706,0.982518150719316
22004,6.293144,0.0100438725208934,10.0211892451519,19.3484120793256,0.982514178661021
22005,6.29343,0.0100342925865656,10.021063495445,19.3485926387747,0.982513889727343
22006,6.293716,0.0100246939014944,10.0209374341273,19.3487729418195,0.982513600104954
22007,6.294002,0.0100150765396403,10.0208110617492,19.3489529878834,0.98251330979511
22008,6.294288,0.0100054405752096,10.0206843788622,19.3491327763909,0.98251301879907
22009,6.294574,0.00999578608265479,10.0205573860185,19.3493123067672,0.982512727118096
22010,6.29486,0.00998611313667524,10.0204300837716,19.3494915784392,0.982512434753448
22011,6.295146,0.00997642181221738,10.0203024726757,19.3496705908345,0.982512141706392
22012,6.295432,0.00996671218447584,10.020174553286,19.3498493433819,0.982511847978197
22013,6.295718,0.00995698432889441,10.0200463261587,19.3500278355113,0.982511553570129
22014,6.296004,0.00994723832116619,10.0199177918509,19.3502060666539,0.98251125848346
22058,6.308588,0.00950163814739254,10.0139667960662,19.3577814251201,0.982497622514335
22126,6.328036,0.0087608746466071,10.003718262101,19.368387590776,0.982474233810147
22194,6.347484,0.00798480727518342,9.99236717093881,19.3775269863536,0.98244842995581
22262,6.366932,0.00721253151799325,9.98012389238305,19.3850777697976,0.982420687332118
22331,6.386666,0.00648324059130147,9.96701554049819,19.3910202944409,0.98239106749144
22399,6.406114,0.00587867592860553,9.95365246538248,19.3951184509176,0.982360948017875
22468,6.425848,0.00544874562237114,9.9398793823118,19.3974590535781,0.9823299773914
22537,6.445582,0.00526025621493095,9.92612947699108,19.3979662695825,0.982299129774146
22607,6.465602,0.0053346430845012,9.91244431248946,19.3966371912732,0.982268498465224
22676,6.485336,0.00563644367312057,9.89944244000327,19.3935698161246,0.982239466489388
22746,6.505356,0.00610494838511229,9.88696557037728,19.3887660822896,0.982211678879477
22816,6.525376,0.00666093319519465,9.87541034732323,19.3823775435377,0.982186019057469
22886,6.545396,0.0072397706568055,9.86496046463965,19.3745492753537,0.982162893252217
22957,6.565702,0.00780007919604074,9.85565505394645,19.3653102701424,0.982142388075278
23027,6.585722,0.00829038153118095,9.84789257429386,19.3551093160861,0.982125379500903
23098,6.606028,0.00869906720205222,9.84156171065727,19.3438628321304,0.982111621194098
23169,6.626334,0.00900092887456968,9.83686539125626,19.3319313425368,0.982101554159613
23240,6.64664,0.00918477656901563,9.83385396997001,19.3195447161072,0.98209528238592
23312,6.667232,0.00924470483260997,9.83254004429034,19.3067581444168,0.982092831978546
23384,6.687824,0.00917598763694812,9.83296510258673,19.2939856348994,0.9820942799137
23456,6.708416,0.00898173432331504,9.83508409985606,19.2814640034761,0.982099516021681
23528,6.729008,0.00866916387015441,9.83882150621936,19.269420348969,0.982108362160732
23600,6.7496,0.00824951601687731,9.844073360422,19.2580680447143,0.982120576976419
23673,6.770478,0.00773051467742612,9.85081103123642,19.247464826175,0.982136094038882
23746,6.791356,0.00713808805574446,9.85881258553449,19.2379562635376,0.982154402372339
23819,6.812234,0.00649879226596031,9.86789797810702,19.2297000727573,0.982175092195114
23892,6.833112,0.0058464744019895,9.8778703835032,19.2228266583855,0.98219771716172
23965,6.85399,0.00522443139959818,9.88852031493296,19.2174372169629,0.982221803671134
24039,6.875154,0.00468057865061339,9.89978424034286,19.2135609219329,0.982247208150905
24113,6.896318,0.00428899002076568,9.91128931306938,19.2113230192011,0.982273089807244
24187,6.917482,0.00410780422610385,9.92280470903955,19.2107314112742,0.982298930815028
24262,6.938932,0.0041619163167439,9.93425468210976,19.2117863599976,0.982324561337536
24336,6.960096,0.00441986325956491,9.94511476259143,19.2144031030708,0.982348808772515
24411,6.981546,0.00482182014875564,9.95546913272797,19.2185641864478,0.982371862537029
24486,7.002996,0.00529322539892727,9.96497371495474,19.2241272309821,0.982392956709466
24562,7.024732,0.00578103700362014,9.97356155764943,19.2310477871998,0.982411942903418
24637,7.046182,0.00622857108159449,9.98085716475449,19.2389764213958,0.982427992778814
24713,7.067918,0.00661655004954173,9.98693076419674,19.2479353180443,0.982441262930466
24789,7.089654,0.006917229870421,9.99158125163332,19.257619580069,0.982451314287303
24865,7.11139,0.00711676312958038,9.99474458345483,19.2678126988462,0.982458011650096
24942,7.133412,0.00720774611095137,9.99640037357812,19.278431331984,0.982461312541758
25019,7.155434,0.00718391993786387,9.99649745783383,19.2891123074845,0.982461116322589
25096,7.177456,0.00704697280145248,9.99506936521006,19.2996276382,0.98245750700071
25173,7.199478,0.00680285011917055,9.99218121105628,19.3097580560197,0.98245063906455
25250,7.2215,0.00646160830913679,9.98792759468435,19.3192974638882,0.982440732596651
25328,7.243808,0.00603153095911254,9.98235095461167,19.3281648709025,0.982427885884643
25406,7.266116,0.00553609822219454,9.97564866515729,19.3360576027739,0.98241255318004
25484,7.288424,0.0050008162639669,9.96799261330987,19.3428264359945,0.982395125644305
25563,7.311018,0.00445193637980994,9.95945940150884,19.3484123561685,0.982375777310669
25641,7.333326,0.0039468642148861,9.9504682265471,19.3525817585823,0.982355457091082
25720,7.35592,0.00352841582282049,9.94100303576286,19.3553800728659,0.982334127234294
25799,7.378514,0.00326521732037785,9.93139562779354,19.3567161097158,0.982312535182714
25879,7.401394,0.00320285491171966,9.92174450919911,19.3565835325264,0.982290902038428
25958,7.423988,0.00334179174670422,9.91250410072506,19.3550231054525,0.982270245055447
26038,7.446868,0.00363542698877178,9.90364544762141,19.3520652923639,0.982250498135327
26118,7.469748,0.00401395624036026,9.89547864202985,19.3478214171366,0.982232352206083
26199,7.492914,0.00442125154851148,9.88808896488319,19.3423448472711,0.982215996403765
26279,7.515794,0.00480175204161025,9.88180695119627,19.3359236073286,0.982202160643176
26360,7.53896,0.00513308559444515,9.87659860845964,19.3285726009015,0.98219076813393
26441,7.562126,0.00538879364636272,9.87264347786626,19.3205590184459,0.982182211062587
26523,7.585578,0.00555676742159186,9.86998004382282,19.3119801319316,0.982176571943797
26604,7.608744,0.00562539805734825,9.86870369390447,19.3032570840098,0.982174048321946
26686,7.632196,0.00559392525072037,9.86878046856731,19.2943906691523,0.982174564027282
26768,7.655648,0.00546297962320129,9.87019925805483,19.2857014487934,0.982178081729462
26851,7.679386,0.00523562443963404,9.87293371697627,19.277295790588,0.982184538239088
26933,7.702838,0.00492793072713308,9.87682108192674,19.2695684490361,0.982193553335915
27016,7.726576,0.00454761020739901,9.88183087139873,19.2625072750446,0.982205059149684
27099,7.750314,0.00411843409343492,9.88777279366307,19.256365451159,0.982218619226197
27183,7.774338,0.00366196554887323,9.89456234794631,19.2512170207407,0.982234041241397
27266,7.798076,0.00322517074749305,9.90185214502658,19.2472850131871,0.982250537689228
27350,7.8221,0.00284547087963786,9.90961911644475,19.2445450365898,0.982268057794255
27434,7.846124,0.00258571553046949,9.91757300646002,19.2430896913944,0.982285947200602
27519,7.870434,0.00249516422409312,9.92560220243828,19.2429294107968,0.982303955262979
27603,7.894458,0.00258588276263001,9.93331625636886,19.2440396014595,0.982321207530769
27688,7.918768,0.00281934357994758,9.94070494439164,19.2463857961075,0.982337682417179
27773,7.943078,0.00313145525654268,9.94749458095696,19.2498707645861,0.982352770073433
27859,7.967674,0.00346857509516521,9.95359088065067,19.2544344281142,0.98236626143505
27945,7.99227,0.00378413738863607,9.95876883332585,19.259895223413,0.982377659053798
28031,8.016866,0.00404913736992075,9.96291506043686,19.2660860675154,0.98238671520386
28117,8.041462,0.00424485604242515,9.96594632179957,19.2728248496374,0.982393250313435
28203,8.066058,0.00436001568290721,9.96781094670327,19.2799196239845,0.982397155972134
28290,8.09094,0.00438889271753083,9.96849032504791,19.2872584452478,0.982398394793072
28377,8.115822,0.004328853482704,9.96796875117865,19.2945579912003,0.982396942542107
28464,8.140704,0.00418348259732066,9.96629125577396,19.3016220001577,0.982392907785358
28552,8.165872,0.00395750980262606,9.96349533591604,19.3083388755335,0.982386378917478
28640,8.19104,0.00366439632527303,9.95969976736306,19.3144512033226,0.982377632214317
28728,8.216208,0.00332117439625071,9.95503551910091,19.3198057591356,0.982366967252202
28816,8.241376,0.00295070668770525,9.94965416263807,19.3242742585745,0.982354728832904
28905,8.26683,0.00257966673654884,9.94365326817182,19.3277898520584,0.982341138304011
28994,8.292284,0.00225460666623972,9.93727463075605,19.3302236430981,0.98232674277663
29083,8.317738,0.00202786366700572,9.9307085304803,19.33153532432,0.982311970429968
29173,8.343478,0.00194666698834095,9.92407252486219,19.331713065248,0.98229708529218
29262,8.368932,0.00202384069559214,9.91770123082301,19.3307779350934,0.982282836774402
29353,8.394958,0.00222592259725173,9.91156615404837,19.3287377308746,0.982269160688845
29443,8.420698,0.00248875214390314,9.90604206841657,19.3257292868064,0.98225689199463
29533,8.446438,0.00276278212551943,9.90120440159912,19.3218491911566,0.982246196061511
29624,8.472464,0.00301463512373786,9.89713484548352,19.3171779433011,0.982237252927366
29715,8.49849,0.00321707086824047,9.89398924488023,19.3119122643434,0.982230404380987
29807,8.524802,0.00335621581893693,9.89181766413241,19.3061595314753,0.982225758508231
29899,8.551114,0.003420920282137,9.89069792001608,19.3001600517761,0.982223480466253
29991,8.577426,0.00340795989139395,9.89063518834714,19.2941016677264,0.982223574580606
30083,8.603738,0.00331865662261521,9.89160259249429,19.2881688873182,0.982225973442896
30175,8.63005,0.00315844635285266,9.89354288722025,19.2825374044557,0.982230541898368
30268,8.656648,0.002934058924788,9.89640624847004,19.2773159481003,0.982237164025808
30361,8.683246,0.00266100903626012,9.90006352672247,19.2727157248513,0.982245542081412
30455,8.71013,0.00235541031059977,9.90442953461958,19.2688245276827,0.982255481668973
30549,8.737014,0.00204736788275935,9.90931276468937,19.2657968441247,0.982266547432961
30643,8.763898,0.00177430133465466,9.91454499439535,19.2637040516621,0.982278359444318
30737,8.790782,0.00158358951788902,9.91995168316193,19.2625860902608,0.982290524826838
30831,8.817666,0.00151887282776145,9.92535764680484,19.2624510781174,0.9823026504944
30926,8.844836,0.00159090981452884,9.93064677732937,19.2632897111962,0.982314476487712
31021,8.872006,0.00176421531313391,9.93559599980039,19.2650541745531,0.982325504514642
31117,8.899462,0.0019871024800771,9.94009949720283,19.2676932604734,0.982335499312544
31213,8.926918,0.0022122818641441,9.94396935671948,19.271082080648,0.982344044411067
31309,8.954374,0.00240891817599552,9.94709645653334,19.2750880459976,0.982350900291557
31405,8.98183,0.00255767874802282,9.94939916863694,19.2795620605227,0.98235588971747
31502,9.009572,0.00264776944749454,9.95083539739691,19.2843947347554,0.982358922547161
31598,9.037028,0.00267170166751034,9.95135354055402,19.289319176142,0.982359893427895
31696,9.065056,0.0026282089565238,9.95096452892776,19.2943187949501,0.982358827509956
31793,9.092798,0.00252076581009642,9.94970546331063,19.2990741502596,0.982355820353449
31891,9.120826,0.00235436456023206,9.94761903211421,19.303525935195,0.982350969966026
31989,9.148854,0.00214115414140074,9.94480888492801,19.3074817823937,0.982344516189369
32088,9.177168,0.00189465469765707,9.94135459394419,19.3108512478342,0.982336640932939
32186,9.205196,0.00164237840102979,9.9374616331618,19.3134692093262,0.982327811277997
32285,9.23351,0.00141091017932633,9.93320064434489,19.3153186789231,0.982318186265128
32385,9.26211,0.00124356987989996,9.92872247367113,19.3163337832407,0.982308106651453
32484,9.290424,0.0011849356919219,9.92427780604035,19.3164836368906,0.982298135681631
32584,9.319024,0.00124443662019441,9.91993573844615,19.3157913609391,0.982288427378573
32685,9.34791,0.00139168771057899,9.91585317157838,19.3142821210211,0.982279332546162
32785,9.37651,0.00157455606416689,9.91224719093015,19.3120632344902,0.982271333742192
32886,9.405396,0.00175693349915917,9.90916376433404,19.3091928171945,0.982264531776816
32987,9.434282,0.00191097534395855,9.90673659853434,19.3058127001134,0.982259220931181
33089,9.463454,0.00202167346257505,9.90502118761098,19.3020223360617,0.982255521771949
33191,9.492626,0.00207825639436078,9.90408623296409,19.2980046527475,0.982253581242601
33293,9.521798,0.00207698715386415,9.9039428419289,19.2939152870079,0.982253418215415
33395,9.55097,0.00201844276269575,9.90457247311191,19.2899078406104,0.982254985167619
33498,9.580428,0.00190568713276494,9.90594518695539,19.2860927806538,0.982258210692669
33601,9.609886,0.00174735656741098,9.90798422285164,19.2826470165648,0.982262915834286
33704,9.639344,0.00155594100095149,9.91059232578733,19.2796894073562,0.982268877936184
33808,9.669088,0.0013471073549532,9.91368524223479,19.2772968548202,0.982275905117878
33912,9.698832,0.00114830313827278,9.91710704747655,19.2755743994104,0.982283643718189
34016,9.728576,0.000994902684760472,9.92071595763238,19.2745677456083,0.982291774079656
34121,9.758606,0.000925751552440671,9.92440219273008,19.2742945516919,0.982300049385933
34226,9.788636,0.000960225595966551,9.927985817066,19.2747555859731,0.982308066182569
34331,9.818666,0.00107374074387175,9.93132946729085,19.2759100028569,0.982315518076956
34437,9.848982,0.00122400146235574,9.93433572663325,19.2777107326393,0.982322188479855
34543,9.879298,0.00137332152302118,9.93686285422822,19.2800580854519,0.982327763464265
34649,9.909614,0.00149802886336285,9.93882485889582,19.2828411527933,0.982332054531432
34756,9.940216,0.00158473116551173,9.94017051916488,19.2859653325829,0.982334950506127
34863,9.970818,0.00162441892206464,9.94084387845914,19.2892690687231,0.982336332191241
34970,10.00142,0.00161430903265866,9.94083875979324,19.2926121963075,0.982336191169049
35078,10.032308,0.00155483025922011,9.94016764868263,19.2958868242847,0.982334559613458
35186,10.063196,0.00145074404095376,9.93887656229393,19.2989290740384,0.982331547047495
35294,10.094084,0.00131060900984387,9.93703879812576,19.3016202056841,0.98232732240891
35402,10.124972,0.00114713020569762,9.9347479852848,19.3038598234649,0.982322099509083
35511,10.156146,0.000977016397455448,9.93208792585927,19.3055826186769,0.982316068767116
35621,10.187606,0.000827370599355044,9.9291743273345,19.3067177002837,0.982309492351893
35730,10.21878,0.000736044694653668,9.92619033203503,19.3072158683803,0.982302782783985
35840,10.25024,0.000729591334085275,9.92321285848254,19.3070852721483,0.982296112202715
35950,10.2817,0.000802494624697649,9.92039596625202,19.3063446968647,0.982289825289285
36061,10.313446,0.000919616974313282,9.91783405543054,19.3050316253271,0.982284132240868
36172,10.345192,0.00104404195819075,9.91565657858525,19.3032261449674,0.982279320193094
36283,10.376938,0.00115155860242838,9.91394626011187,19.3010234109612,0.982275570930865
36395,10.40897,0.00122848217197838,9.91275452231796,19.2985094617104,0.982272996411538
36507,10.441002,0.00126594263629272,9.91213438713969,19.2958241808121,0.982271710092419
36619,10.473034,0.00126094200698521,9.91209460062915,19.293092871325,0.982271726727105
36732,10.505352,0.00121368430270756,9.91262485998622,19.2904157544838,0.982273019332648
36845,10.53767,0.00112829639518784,9.91368498677578,19.2879359702396,0.982275492280365
36958,10.569988,0.00101247714150189,9.91520925129113,19.2857593862874,0.982278994098662
37072,10.602592,0.00087661577061869,9.91713132326283,19.2839607673985,0.982283373174692
37186,10.635196,0.000739049579244556,9.91933800278841,19.2826304585342,0.982288372207858
37300,10.6678,0.000625054577142875,9.92171790510993,19.2818140975116,0.982293739699603
37415,10.70069,0.000565827200506877,9.92417669143609,19.2815319680573,0.982299263351733
37530,10.73358,0.000581705206590428,9.92657667386499,19.2817883621068,0.982304634294902
37646,10.766756,0.000657532744858269,9.92882553480782,19.2825617211733,0.982309646383933
37762,10.799932,0.000758265721635935,9.93080048701888,19.2837975393357,0.982314026435894
37878,10.833108,0.00085550635678047,9.93241658796407,19.285420988435,0.982317586905038
37994,10.866284,0.000931983201486726,9.93360893596611,19.2873412887602,0.982320185796324
38111,10.899746,0.000978394715540624,9.93433924535654,19.2894753610707,0.982321740490718
38229,10.933494,0.000989343820997125,9.93457609913104,19.2917163588764,0.982322184690044
38346,10.966956,0.000963966127597414,9.93432113069634,19.2939145739526,0.982321527857662
38464,11.000704,0.000904455157936629,9.93359972504603,19.2959996786974,0.982319829633162
38583,11.034738,0.000815816846205856,9.93245262616891,19.2978687144302,0.982317185356205
38701,11.068486,0.000708835638758624,9.93097019746194,19.2994061699232,0.982313802102014
38820,11.10252,0.000595708396131421,9.92921403814064,19.3005719152497,0.982309819534083
38940,11.13684,0.000497472922172284,9.92727620179524,19.3013107341754,0.982305446180706
39060,11.17116,0.000443196028964882,9.92527534206556,19.3015888937609,0.982300949376316
39180,11.20548,0.00045214529596358,9.92331584644721,19.3014084782785,0.982296563082036
39300,11.2398,0.000512337420730972,9.92149629989198,19.3007949121066,0.982292507344976
39421,11.274406,0.000594317600833166,9.9198925679208,19.2997850495938,0.982288950831254
39543,11.309298,0.000673349225634763,9.91858623789003,19.2984364663148,0.982286074232681
39664,11.343904,0.00073319881021053,9.91765541654142,19.296852874963,0.982284048649547
39786,11.378796,0.000766798988578648,9.91712070952144,19.2951006470942,0.982282917708832
39909,11.413974,0.000769980460244652,9.9170058001245,19.2932752123967,0.982282730811753
40031,11.448866,0.000742669833372436,9.91730345068299,19.291504513091,0.982283466773354
40155,11.48433,0.000686837099537261,9.91799458544855,19.2898404881437,0.982285080812241
40278,11.519508,0.000609437459791015,9.91901622500462,19.2884089658938,0.982287426849633
40402,11.554972,0.000518677859692897,9.9203169161822,19.2872567125807,0.982290387712813
40526,11.590436,0.000429511865524017,9.92180886264451,19.2864484709412,0.982293764049308
40651,11.626186,0.000362771876812678,9.92341684965221,19.2860137829721,0.982297386079231
40776,11.661936,0.0003431253675745,9.92503667091732,19.285970636765,0.982301019469933
40902,11.697972,0.000375506746993103,9.92659003879309,19.2863111572833,0.982304489001822
41028,11.734008,0.000437722110835939,9.92797954357098,19.2870038230709,0.982307577499005
41154,11.770044,0.000504293151991986,9.9291331508069,19.2879966346297,0.982310125471698
41280,11.80608,0.000559001402250006,9.92999475890732,19.2892226481749,0.982312009731439
41407,11.842402,0.000593248987257534,9.93052960507048,19.2906156596774,0.982313154903722
41535,11.87901,0.000602352470275315,9.93071162376389,19.292092924261,0.982313505754698
41663,11.915618,0.000585184973154313,9.9305381825466,19.2935555472532,0.982313060214467
41791,11.952226,0.000543828175553851,9.93003272799015,19.2949192651284,0.982311874116595
41919,11.988834,0.00048303274994122,9.92923707640088,19.2961087236324,0.982310044135266
42048,12.025728,0.000409954105265316,9.92819951649725,19.2970678902522,0.982307680707411
42178,12.062908,0.000336674893892839,9.92698548286453,19.297743332248,0.982304932611096
42308,12.100088,0.000282467969552119,9.92568123539802,19.2980973935445,0.98230199470441
42438,12.137268,0.000268122425439136,9.92436820184231,19.2981211965629,0.982299049896359
42568,12.174448,0.000296586515006964,9.92312522112809,19.2978259485345,0.982296274513417
42699,12.211914,0.000348228110272275,9.92201617176104,19.2972359968804,0.982293810830869
42831,12.249666,0.000401797906858164,9.92110678261004,19.2963923408361,0.982291804627348
42962,12.287132,0.000443319606864933,9.92045797820701,19.2953684568215,0.982290389651441
43095,12.32517,0.000466641845067588,9.92008833079311,19.2942101975372,0.982289605766236
43227,12.362922,0.000468153359766979,9.92002091383479,19.2930180475655,0.98228950080981
43360,12.40096,0.000447919672578163,9.92024715677758,19.291850269768,0.982290053308878
43494,12.439284,0.00040802724645998,9.92074766675371,19.2907801276381,0.982291216944724
43627,12.477322,0.000354123361309962,9.92147310767141,19.2898862881458,0.982292878055072
43762,12.515932,0.000293129788043466,9.92238649893596,19.2892012933817,0.982294952466608
43896,12.554256,0.000239241808336693,9.92340478977898,19.2887773940827,0.982297251950723
44031,12.592866,0.000209960968222767,9.9244730598851,19.2886253877028,0.982299652954973
44167,12.631762,0.000218511143283604,9.92552098537408,19.2887501625017,0.982301997620348
44303,12.670658,0.000255056503121988,9.92647337574646,19.2891345807208,0.982304118030142
44439,12.709554,0.000299228980701641,9.9272718172071,19.2897431442961,0.982305884593307
44576,12.748736,0.000337089987707851,9.92787386354861,19.2905334019329,0.982307203788346
44713,12.787918,0.000360665070156434,9.92824126668962,19.2914421019027,0.982307992312181
44851,12.827386,0.00036651351288931,9.92835905547635,19.2924112914014,0.982308218844417
44989,12.866854,0.00035382722169018,9.92822600226597,19.2933673213033,0.982307883486516
45127,12.906322,0.000324366107302445,9.92786122606658,19.2942464336945,0.982307031574845
45266,12.946076,0.000281764031692596,9.92729396115176,19.2949974334826,0.982305730637887
45405,12.98583,0.000232912202517531,9.92657292554181,19.295567876391,0.982304091936044
45545,13.02587,0.0001882491570849,9.92574747442704,19.2959279870597,0.98230222727987
45685,13.06591,0.000163875709157228,9.92488350568058,19.29605689566,0.982300285224333
45826,13.106236,0.000171078309894302,9.92403658798644,19.2959536672168,0.982298390393383
45967,13.146562,0.000201232735911265,9.92327128445814,19.2956334683147,0.982296686952983
46108,13.186888,0.000236834527018664,9.92263790511958,19.2951277476649,0.982295286482045
46250,13.2275,0.000266290401251168,9.92217282095044,19.2944746814011,0.982294269046766
46392,13.268112,0.000283221339308352,9.92190690621283,19.2937297160152,0.982293701720213
46535,13.30901,0.000285051104864022,9.9218511180975,19.292944197095,0.982293607079307
46678,13.349908,0.000271520569407775,9.92200314907207,19.2921812593827,0.982293977503982
46822,13.391092,0.000244364185275237,9.92234627942188,19.2914905674488,0.98229477358332
46966,13.432276,0.000207709306116932,9.92284700926894,19.2909248202228,0.982295918166871
47110,13.47346,0.000168306062365996,9.92346206264225,19.2905201034474,0.982297312829464
47255,13.51493,0.00013678882266928,9.92414645597869,19.2902983395011,0.982298855866252
47401,13.556686,0.000127261708702008,9.9248474704751,19.2902719269477,0.982300428598648
47546,13.598156,0.000142962281760861,9.9255031003653,19.2904348419532,0.982301892240104
47693,13.640198,0.000171150837180106,9.92607833229311,19.290771742803,0.982303168883446
47839,13.681954,0.000198074002304014,9.92652127731886,19.2912449270352,0.98230414365209
47987,13.724282,0.000216748942999163,9.92681117667281,19.2918229288086,0.982304771223156
48134,13.766324,0.000223295533566372,9.92692540365635,19.292446928049,0.982305003145745
48282,13.808652,0.000216916960282233,9.92686426485469,19.2930750284999,0.982304841730715
48431,13.851266,0.000198418327632589,9.92663674066176,19.293658282301,0.982304309009274
48580,13.89388,0.000170700064771711,9.92626772095367,19.2941489302986,0.982303462636408
48729,13.936494,0.000138811532427462,9.92579224536088,19.2945126547735,0.982302382502499
48879,13.979394,0.00011088993574674,9.9252484042152,19.2947274617833,0.982301154860202
49030,14.02258,9.90134935862113e-05,9.92468132366612,19.2947799161389,0.982299881405173
49181,14.065766,0.000108999788375988,9.92414085426874,19.2946711232708,0.982298673861968
49332,14.108952,0.000131024759864766,9.92366920012922,19.2944169563038,0.982297626239181
49484,14.152424,0.000153255594185449,9.92329914260659,19.2940414658616,0.982296811102271
49636,14.195896,0.000168684228801441,9.92305948963631,19.2935817606533,0.982296291602083
49789,14.239654,0.000174212334471779,9.92296377462978,19.2930756198275,0.982296096617251
49942,14.283412,0.000168899462219576,9.92301536410184,19.2925694800325,0.982296231896251
50096,14.327456,0.000153549539728857,9.92320503665412,19.2921022168861,0.982296675257829
50250,14.3715,0.000130744965914434,9.92351087021777,19.2917142625977,0.982297375984885
50404,14.415544,0.000105030959832563,9.92390210558193,19.2914344036032,0.982298263998287
50559,14.459874,8.38531233678097e-05,9.92434518010768,19.2912805485078,0.982299263354994
50715,14.50449,7.75414841872369e-05,9.92480097530808,19.2912623862825,0.982300285973992
50871,14.549106,8.85827295633238e-05,9.92522729338132,19.2913766257296,0.98230123737327
51028,14.594008,0.000107184817071611,9.9255910477235,19.2916092444467,0.982302043914408
51185,14.63891,0.000123920791020132,9.92586086131561,19.2919343389394,0.982302636252343
51342,14.683812,0.000133973102243372,9.92601767676554,19.292319486395,0.98230297291585
51500,14.729,0.000135371905819144,9.926052940736,19.2927311550372,0.982303036027281
51659,14.774474,0.000127812996489745,9.92596697473086,19.2931322145309,0.982302827746258
51817,14.819662,0.000112724265936712,9.92577399199517,19.2934830814471,0.982302381473431
51977,14.865422,9.26236350538642e-05,9.9254917641418,19.2937606690885,0.982301737948233
52137,14.911182,7.26810186451378e-05,9.92515156199237,19.2939388609309,0.982300968293397
52297,14.956942,6.09345966524178e-05,9.92478669487258,19.294006290722,0.982300147630505
52458,15.002988,6.4088645817408e-05,9.92442900470587,19.2939614721955,0.982299347408307
52620,15.04932,7.76510588338533e-05,9.92411107238162,19.2938118262685,0.982298640387196
52781,15.095366,9.2242476646223e-05,9.92386376213713,19.2935777165944,0.982298094977217
52944,15.141984,0.000102585892673673,9.92370285820346,19.29327994423,0.982297745761351
53107,15.188602,0.000106035522316958,9.92364262534913,19.2929516211422,0.982297623438825
53270,15.23522,0.000102014369739424,9.9236838771649,19.2926248244614,0.982297728590762
53434,15.282124,9.12231060776266e-05,9.92381900148546,19.2923283045266,0.982298043036243
53599,15.329314,7.56534796810179e-05,9.92403227239447,19.2920893136019,0.982298530460966
53763,15.376218,5.92683948467468e-05,9.92429730019558,19.2919304447497,0.98229913082246
53929,15.423694,4.81946518067388e-05,9.92459119188452,19.2918610028075,0.982299792432922
54095,15.47117,4.918219890709e-05,9.92488132478687,19.291885690081,0.982300441968501
54261,15.518646,5.95436335164479e-05,9.92513983948543,19.2919975483086,0.982301017236649
54428,15.566408,7.14545046831667e-05,9.92534430631522,19.2921828181722,0.982301468482128
54596,15.614456,7.99313920860157e-05,9.92547631707441,19.2924209144653,0.98230175523052
54764,15.662504,8.27242417502707e-05,9.92552502698193,19.2926848186587,0.98230185421426
54932,15.710552,7.93326463553731e-05,9.92548971013933,19.2929471502377,0.982301764866841
55101,15.758886,7.03883127363443e-05,9.92537712323492,19.2931832993265,0.982301503290719
55271,15.807506,5.76696739344441e-05,9.92520113933076,19.2933703233284,0.982301101479004
55441,15.856126,4.46477004383268e-05,9.92498315656343,19.2934902958705,0.982300608102014
55611,15.904746,3.70240092378594e-05,9.9247473368634,19.2935344013727,0.982300077673586
55782,15.953652,3.95582562512527e-05,9.9245171681318,19.2935015382124,0.982299562897436
55954,16.002844,4.86504900624113e-05,9.92431619554274,19.2933976723851,0.982299116331817
56126,16.052036,5.77959432440918e-05,9.92416509440475,19.2932371049761,0.982298783777621
56299,16.101514,6.34724135474411e-05,9.92407669989636,19.2930381077871,0.982298593303918
56472,16.150992,6.42184082832641e-05,9.92405809165678,19.2928242221477,0.98229855987138
56646,16.200756,5.98977273813559e-05,9.92410816190781,19.2926174925241,0.982298680142095
56820,16.25052,5.14133252477799e-05,9.92421840834468,19.2924406178619,0.982298934173896
56995,16.30057,4.06928547843655e-05,9.92437507796368,19.2923102401711,0.982299290486996
57170,16.35062,3.14148462375235e-05,9.92455855875693,19.2922390190512,0.982299704619753
57346,16.400956,2.88324649329302e-05,9.92474887302574,19.2922317014905,0.98230013159724
57523,16.451578,3.41320133779599e-05,9.92492502006736,19.2922868220412,0.982300524391638
57700,16.5022,4.19516394662844e-05,9.92506740101301,19.2923953270963,0.982300839412146
57877,16.552822,4.79863460487868e-05,9.92516215955069,19.292542566161,0.982301046159939
58055,16.60373,5.03512962191664e-05,9.92520143233621,19.2927113715333,0.982301127670259
58234,16.654924,4.84712028657994e-05,9.92518284830077,19.2928821404069,0.982301079386661
58413,16.706118,4.2767760173789e-05,9.92511114993372,19.2930347812356,0.982300912720584
58593,16.757598,3.45221727127168e-05,9.92499641604375,19.2931536846402,0.982300650874074
58773,16.809078,2.6306300603813e-05,9.92485414645725,19.2932262871574,0.982300329085337
58954,16.860844,2.23386199059636e-05,9.92470105905181,19.2932467672773,0.982299985062256
59135,16.91261,2.5263741008057e-05,9.92455594026413,19.2932150226816,0.982299660928911
59317,16.964662,3.14570664021987e-05,9.92443440530658,19.2931369102576,0.98229939146842
59500,17.017,3.67729383860998e-05,9.9243497156842,19.293023273404,0.982299205993547
59683,17.069338,3.92148483684801e-05,9.9243105172181,19.2928895931605,0.982299123288759
59867,17.121962,3.81717746323094e-05,9.92431913759682,19.2927518473504,0.982299147953709
60051,17.174586,3.38963080852762e-05,9.92437231547649,19.2926271899711,0.982299272011588
60236,17.227496,2.73923446492676e-05,9.92446193287128,19.2925292180502,0.982299476734589
60421,17.280406,2.0737275528041e-05,9.92457515305935,19.292468883297,0.982299732917775
60607,17.333602,1.74320756931486e-05,9.92469783202101,19.2924513854926,0.982300008648067
60793,17.386798,1.97797979407724e-05,9.9248141156536,19.2924769244305,0.982300268372048
60980,17.44028,2.47537736605559e-05,9.92491075452022,19.2925405068389,0.982300482577318
61168,17.494048,2.89084396737094e-05,9.92497666487358,19.2926328228298,0.98230062677433
61356,17.547816,3.06371957099773e-05,9.92500485601355,19.2927406854198,0.982300685800583
61545,17.60187,2.94918885045951e-05,9.92499376235759,19.2928505056091,0.98230065667254
61734,17.655924,2.5760606181291e-05,9.92494669055198,19.2929479823579,0.982300547358026
61924,17.710264,2.03919717587613e-05,9.92487103226975,19.293021965419,0.982300374861606
62115,17.76489,1.53112149242303e-05,9.924777528908,19.2930640448631,0.982300163591904
62306,17.819516,1.36671951455903e-05,9.92467937507854,19.2930702111271,0.982299943287259
62498,17.874428,1.64099841287844e-05,9.92458887902629,19.2930414473455,0.982299741505261
62690,17.92934,2.04062349115806e-05,9.92451771979922,19.2929832821121,0.982299584216679
62883,17.984538,2.32192580659811e-05,9.92447380760205,19.2929043889491,0.98229948882048
63076,18.039736,2.38487975808267e-05,9.92446171287959,19.292816389325,0.982299465113496
63270,18.09522,2.21382330212237e-05,9.92448139264434,19.2927307988516,0.982299512553118
63465,18.15099,1.85120341273603e-05,9.92452891282929,19.2926587990973,0.982299621885689
63660,18.20676,1.40736037792996e-05,9.92459638144342,19.2926095818569,0.982299775060797
63856,18.262816,1.08947775974983e-05,9.9246741372336,19.29258833529,0.982299950216398
64053,18.319158,1.13852533029746e-05,9.92475128238648,19.2925967168794,0.982300122854832
64250,18.3755,1.44098331808401e-05,9.92481707605223,19.292632067975,0.982300268997609
64448,18.432128,1.72762669888703e-05,9.92486345947772,19.2926883901561,0.982300370809046
64646,18.488756,1.86187544598006e-05,9.9248848768237,19.2927566852853,0.982300416181357
64845,18.54567,1.80318725159545e-05,9.92487975669065,19.2928272922819,0.982300401965753
65044,18.602584,1.56817242059695e-05,9.92485017763677,19.2928900493535,0.982300333216231
65244,18.659784,1.22335402543673e-05,9.92480135108823,19.2929369522904,0.982300221927228
65445,18.71727,9.08355031537772e-06,9.92474095928544,19.2929621443023,0.982300085549654
65646,18.774756,8.43736900852301e-06,9.92467834933957,19.2929630934395,0.982299945138302
65848,18.832528,1.04984664558962e-05,9.92462219490813,19.2929409242483,0.982299820096365
66051,18.890586,1.29802137618164e-05,9.92458021186924,19.2928998393975,0.982299727560365
66254,18.948644,1.440989462706e-05,9.92455785716447,19.292846889149,0.982299679491837
66458,19.006988,1.42900866620979e-05,9.92455722101344,19.2927900811798,0.982299680266859
66663,19.065618,1.26504819561358e-05,9.92457740172709,19.2927378482745,0.98229972753703
66868,19.124248,9.98244519161019e-06,9.92461426717762,19.2926977990157,0.982299811743085
67074,19.183164,7.33188415368248e-06,9.92466168656912,19.2926749867763,0.98229991894366
67280,19.24208,6.51210438085525e-06,9.92471190799441,19.2926719554799,0.982300031660023
67487,19.301282,8.02906761578346e-06,9.92475756400799,19.29268808578,0.982300133397999
67695,19.36077,1.00366727002741e-05,9.9247920425604,19.2927200685403,0.982300209461277
67903,19.420258,1.1225913813909e-05,9.9248106211793,19.2927621136199,0.98230024948621
68112,19.480032,1.11526123510804e-05,9.92481143486355,19.2928075152726,0.98230024955122
68321,19.539806,9.84410147001548e-06,9.92479531746315,19.2928490195217,0.982300211806931
68532,19.600152,7.68956251806757e-06,9.92476540752962,19.2928808141714,0.982300143515352
68742,19.660212,5.62198977669162e-06,9.92472742863636,19.2928981430377,0.982300057693317
68954,19.720844,5.12936380945436e-06,9.92468720628726,19.2928993428886,0.982299967466342
69166,19.781476,6.45292116387268e-06,9.92465145463486,19.2928849966884,0.982299887865296
69379,19.842394,8.01083499461273e-06,9.92462537322755,19.2928581486771,0.982299830429859
69592,19.903312,8.81947911455141e-06,9.9246126354447,19.2928238229039,0.982299803201245
69807,19.964802,8.57465951500929e-06,9.92461450100955,19.2927875508933,0.98229980878947
70021,20.026006,7.35990720802951e-06,9.92462983544669,19.2927556677136,0.982299844405501
70237,20.087782,5.57237422062945e-06,9.92465561757052,19.292732638394,0.982299903102673
70453,20.149558,4.11582904908511e-06,9.92468694987516,19.2927219325856,0.982299973766086
70670,20.21162,4.20476085606072e-06,9.92471856187923,19.292724547773,0.982300044540413
70887,20.273682,5.44202841908563e-06,9.92474515710397,19.2927392931614,0.98230010359683
71105,20.33603,6.54408060409403e-06,9.92476277369574,19.2927631250237,0.982300142170611
71324,20.398664,6.90991517930062e-06,9.92476895532669,19.2927916440383,0.982300154925022
71543,20.461298,6.40859749500014e-06,9.9247633059479,19.2928197358801,0.982300141170281
71764,20.524504,5.19859174696811e-06,9.92474733305521,19.2928429430475,0.982300104458996
71984,20.587424,3.77317713355918e-06,9.92472450694072,19.2928573696246,0.982300052722698
72206,20.650916,3.06533350630941e-06,9.9246988075303,19.2928612601802,0.9822999949526
72428,20.714408,3.69954786557784e-06,9.9246749668049,19.2928544670703,0.982299941763756
72651,20.778186,4.72996146096548e-06,9.92465686177091,19.2928387495561,0.982299901780433
72874,20.841964,5.33872229350121e-06,9.92464733914793,19.2928173919824,0.982299881257849
73099,20.906314,5.25685879203236e-06,9.92464752383548,19.29279422779,0.982299882569538
73324,20.970664,4.51182424309439e-06,9.92465686888496,19.2927735843018,0.98229990432153
73549,21.035014,3.38206147588146e-06,9.92467314302228,19.2927589053252,0.982299941377754
73775,21.09965,2.47893411631267e-06,9.92469314048399,19.292752357995,0.982299986466754
74002,21.164572,2.61907425069976e-06,9.9247131189387,19.2927546678355,0.982300031169924
74230,21.22978,3.43285075135715e-06,9.92472950913633,19.2927649456755,0.982300067519286
74459,21.295274,4.06968423637993e-06,9.92473955131058,19.2927809078769,0.9823000894158
74688,21.360768,4.17859156130378e-06,9.92474177378781,19.2927992633523,0.98230009368743
74917,21.426262,3.72320521480375e-06,9.92473629372434,19.2928165335442,0.98230008073164
75148,21.492328,2.86612486424526e-06,9.92472449113515,19.2928297565111,0.982300053757267
75379,21.558394,2.0392471527977e-06,9.92470897419663,19.2928366213989,0.982300018701515
75611,21.624746,1.95226911672976e-06,9.92469277884907,19.2928362744808,0.982299982404194
75844,21.691384,2.56074368182361e-06,9.92467896118833,19.2928291805365,0.98229995169921
76077,21.758022,3.11927436138232e-06,9.92467001079383,19.2928171083282,0.982299932099783
76311,21.824946,3.27586554197162e-06,9.92466727516863,19.2928025885271,0.982299926529018
76546,21.892156,2.96455196586703e-06,9.92467092368526,19.2927885099065,0.982299935254717
76782,21.959652,2.30304924614157e-06,9.92467989863517,19.2927775372869,0.982299955802183
77018,22.027148,1.62349485027116e-06,9.92469211349683,19.2927716204916,0.982299983417778
77255,22.09493,1.50931055298249e-06,9.92470505771464,19.2927715601774,0.982300012441687
77492,22.162712,1.98181737989961e-06,9.92471613620598,19.2927770003952,0.9823000370694
77731,22.231066,2.43226523668387e-06,9.92472337625041,19.2927866041531,0.982300052929791
77970,22.29942,2.55464923736169e-06,9.92472552375645,19.292798174795,0.982300057296243
78210,22.36806,2.29726292833322e-06,9.92472248676503,19.2928093459193,0.982300050054279
78451,22.436986,1.76220774107625e-06,9.9247151710673,19.2928179181815,0.982300033319951
78692,22.505912,1.23693134110073e-06,9.92470533728175,19.2928223160044,0.982300011101706
78934,22.575124,1.20225098616034e-06,9.9246950837451,19.2928219414753,0.982299988127287
79177,22.644622,1.59896531914637e-06,9.9246865080162,19.2928171510714,0.982299969085709
79421,22.714406,1.93004769839901e-06,9.92468125831739,19.2928091821949,0.98229995762442
79665,22.78419,1.97945958294079e-06,9.92468021044145,19.2927998986267,0.982299955634768
79910,22.85426,1.72642959319589e-06,9.92468330210554,19.2927912596105,0.982299962901192
80156,22.924616,1.27828652795329e-06,9.92468964565768,19.2927850149396,0.982299977365728
80403,22.995258,9.12723749106257e-07,9.9246977219807,19.2927823234464,0.982299995577536
80650,23.0659,1.00177419471162e-06,9.92470569835277,19.2927835238433,0.982300013414438
80898,23.136828,1.33338009808948e-06,9.92471193222714,19.2927881108205,0.982300027213346
81147,23.208042,1.5424141656281e-06,9.9247152085613,19.2927949064003,0.982300034295719
81397,23.279542,1.50571876149346e-06,9.92471500851955,19.2928023243182,0.982300033559773
81647,23.351042,1.24002210753668e-06,9.9247116077754,19.2928087083975,0.982300025687755
81898,23.422828,8.72447899538306e-07,9.92470594078031,19.2928127761053,0.98230001282445
82150,23.4949,6.92239595836332e-07,9.92469937653745,19.2928137884716,0.982299998067866
82403,23.567258,8.82152479409277e-07,9.92469340522467,19.2928117140963,0.982299984760272
82657,23.639902,1.1287994247539e-06,9.92468930463234,19.2928072025209,0.982299975741366
82911,23.712546,1.21570385981991e-06,9.92468786709997,19.2928014311175,0.982299972741989
83166,23.785476,1.09853884988932e-06,9.92468922509957,19.292795746665,0.982299976006962
83422,23.858692,8.29950655493083e-07,9.9246928986385,19.2927914143905,0.982299984411092
83679,23.932194,5.73134695704924e-07,9.92469791345239,19.2927893242633,0.982299995735544
83936,24.005696,5.93098113585775e-07,9.92470302757603,19.2927898009489,0.982300007183188
84194,24.079484,8.00884353936959e-07,9.92470709076456,19.2927925605286,0.982300016186123
84454,24.153844,9.38143030725989e-07,9.92470924539919,19.2927968438301,0.982300020850941
84713,24.227918,9.14135215512327e-07,9.92470910753306,19.2928015175044,0.982300020360735
84974,24.302564,7.40319799823394e-07,9.924706867924,19.2928055193855,0.982300015184349
85235,24.37721,5.09701214753429e-07,9.92470319872117,19.2928079354909,0.982300006864192
85498,24.452428,4.27053889220796e-07,9.92469903058275,19.2928083179588,0.9822999975042
85761,24.527646,5.68754767451171e-07,9.92469540755341,19.2928067071571,0.982299989443609
86025,24.60315,7.09804155270247e-07,9.92469313852791,19.2928036212125,0.982299984475923
86289,24.678654,7.32757222819519e-07,9.92469267440976,19.2927999088272,0.982299983579202
86555,24.75473,6.25062405859867e-07,9.92469400400254,19.2927964782911,0.982299986693147
86821,24.830806,4.42270381600133e-07,9.92469667871348,19.29279416077,0.982299992779784
87088,24.907168,3.28488108824803e-07,9.92469996222674,19.2927934306731,0.982300000169873
87356,24.983816,4.12681915399481e-07,9.92470301215668,19.292794359898,0.982300006971959
87625,25.06075,5.37040363914201e-07,9.92470509430472,19.2927966082764,0.982300011553112
87895,25.13797,5.76474842339872e-07,9.92470575850137,19.2927995298075,0.982300012929065
88165,25.21519,5.0788524349927e-07,9.92470494093141,19.2928023408265,0.982300010987106
88436,25.292696,3.66867944154294e-07,9.92470295107982,19.2928043571456,0.982300006447629
88709,25.370774,2.58846062942062e-07,9.92470035905533,19.2928051268591,0.982300000606356
88981,25.448566,3.10107557865756e-07,9.92469788782018,19.2928045400237,0.982299995088466
89255,25.52693,4.12027745583906e-07,9.92469613320397,19.2928028403286,0.982299991220393
89530,25.60558,4.50453325353711e-07,9.92469550471648,19.2928005405394,0.98229998990041
89805,25.68423,4.01152840905446e-07,9.92469608229318,19.2927982838013,0.982299991282813
90082,25.763452,2.90139393469373e-07,9.92469763552837,19.2927966386391,0.982299994828993
90359,25.842674,2.02452897363916e-07,9.92469968161767,19.2927960013407,0.98229999944112
90637,25.922182,2.42231728303409e-07,9.92470165390728,19.2927964612244,0.98230000384527
90916,26.001976,3.22794060428178e-07,9.92470303749691,19.2927978196703,0.982300006894706
91195,26.08177,3.51216945742755e-07,9.92470350681204,19.2927996455979,0.98230000787618
91476,26.162136,3.08910842419555e-07,9.92470300448447,19.2928014299659,0.982300006680792
91758,26.242788,2.19315525314184e-07,9.92470173194332,19.292802689888,0.982300003778871
92040,26.32344,1.56372590628889e-07,9.92470009518871,19.2928031216515,0.982300000092456
92323,26.404378,1.96432386154613e-07,9.92469856078878,19.2928026729236,0.982299996669644
92607,26.485602,2.57675980398123e-07,9.92469753998505,19.2928015295879,0.982299994425256
92892,26.567112,2.7248536157264e-07,9.92469727597508,19.2928000559569,0.982299993890436
93178,26.648908,2.30959366089193e-07,9.9246977867384,19.2927986835138,0.982299995088774
93465,26.73099,1.57923587109855e-07,9.92469887352845,19.2927977869004,0.982299997560155
93752,26.813072,1.22313765885279e-07,9.92470018506831,19.2927975819102,0.982300000508635
94041,26.895726,1.65317570028541e-07,9.92470134343862,19.2927980741653,0.982300003086683
94330,26.97838,2.07884562647773e-07,9.92470202567828,19.2927990702019,0.982300004577702
94620,27.06132,2.08174435372237e-07,9.92470207745431,19.2928002504613,0.982300004648051
94911,27.144546,1.65645660835227e-07,9.92470153079261,19.2928012639271,0.982300003383137
95203,27.228058,1.088116721466e-07,9.92470058759531,19.2928018314741,0.98230000124645
95496,27.311856,1.01590321118003e-07,9.92469955068548,19.2928018221521,0.982299998922009
95790,27.39594,1.42350346044601e-07,9.92469872933035,19.2928012820617,0.982299997101418
96085,27.48031,1.66487012216729e-07,9.92469834820068,19.292800409723,0.98229999628071
96381,27.564966,1.53543155777277e-07,9.92469848644526,19.2927994878907,0.982299996626382
96677,27.649622,1.11562815317873e-07,9.92469906097008,19.2927987959648,0.982299997941307
96975,27.73485,7.51801157160076e-08,9.92469987026983,19.2927985189603,0.98229999976653
97273,27.820078,9.15421281052574e-08,9.92470064926612,19.2927987096932,0.982300001505688
97572,27.905592,1.22359750312124e-07,9.92470116810121,19.2927992732822,0.982300002647103
97872,27.991392,1.29000359881777e-07,9.92470128966934,19.29280001028,0.982300002891105
98174,28.077764,1.06299716599027e-07,9.92470100614837,19.2928006844894,0.982300002229312
98476,28.164136,6.99039625933207e-08,9.9247004377724,19.2928010898137,0.982300000939278
98779,28.250794,6.03027924399417e-08,9.92469978193246,19.2928011243858,0.982299999467514
99083,28.337738,8.52408272254505e-08,9.92469924920291,19.2928008064976,0.982299998285426
99387,28.424682,1.01227133530766e-07,9.92469899670351,19.2928002651699,0.982299997740287
99693,28.512198,9.33396119807406e-08,9.9246990802196,19.2927996849629,0.982299997950017
100000,28.6,6.66372137826735e-08,9.92469944794387,19.2927992539712,0.982299998791173
